date_collected,block,plot,treatment,crop,direction,marketable_yield_g,unmarketable_yield_g,unripe_g,total_yield_g,plant_biomass_g,notes
6/29/2023,1,A,SM,AS,NA,0,0,NA,0,,
6/29/2023,1,B,BM,FC,NA,364.17,462.34,NA,826.51,,
6/29/2023,1,C,CM,DB,east,0,0,NA,0,,
6/29/2023,1,C,CM,DB,west,0,0,NA,0,,
6/29/2023,1,D,CM,AS,NA,0,0,NA,0,,
6/29/2023,1,E,CM,FC,NA,816.11,313.12,NA,1129.23,,
6/29/2023,1,F,SM,DB,west,0,0,NA,0,,
6/29/2023,1,F,SM,DB,east,0,0,NA,0,,
6/29/2023,1,G,BM,AS,NA,0,0,NA,0,,
6/29/2023,1,H,SM,FC,NA,1367.7,395.04,NA,1762.74,,
6/29/2023,1,I,BM,DB,west,0,0,NA,0,,
6/29/2023,1,I,BM,DB,east,0,0,NA,0,,
6/29/2023,2,A,CM,FC,NA,910.3,405.7,NA,1316,,
6/29/2023,2,B,SM,DB,east,0,0,NA,0,,
6/29/2023,2,B,SM,DB,west,0,0,NA,0,,
6/29/2023,2,C,CM,AS,NA,0,0,NA,0,,
6/29/2023,2,D,BM,FC,NA,729.75,444.92,NA,1174.67,,
6/29/2023,2,E,BM,DB,east,0,0,NA,0,,
6/29/2023,2,E,BM,DB,west,0,0,NA,0,,
6/29/2023,2,F,BM,AS,NA,0,0,NA,0,,
6/29/2023,2,G,SM,FC,NA,1073.89,505.72,NA,1579.61,,
6/29/2023,2,H,CM,DB,east,0,0,NA,0,,
6/29/2023,2,H,CM,DB,west,0,0,NA,0,,
6/29/2023,2,I,SM,AS,NA,0,0,NA,0,,
6/29/2023,3,A,BM,DB,east,0,0,NA,0,,
6/29/2023,3,A,BM,DB,west,0,0,NA,0,,
6/29/2023,3,B,CM,FC,NA,0,0,NA,0,,
6/29/2023,3,C,SM,AS,NA,0,0,NA,0,,
6/29/2023,3,D,SM,DB,east,0,0,NA,0,,
6/29/2023,3,D,SM,DB,west,0,0,NA,0,,
6/29/2023,3,E,BM,FC,NA,106.31,130.2,NA,236.51,,
6/29/2023,3,F,BM,AS,NA,0,0,NA,0,,
6/29/2023,3,G,CM,DB,east,0,0,NA,0,,
6/29/2023,3,G,CM,DB,west,0,0,NA,0,,
6/29/2023,3,H,SM,FC,NA,727.35,1054.51,NA,1781.86,,
6/29/2023,3,I,CM,AS,NA,0,0,NA,0,,
6/29/2023,4,A,SM,FC,NA,875.78,710.99,NA,1586.77,,
6/29/2023,4,B,CM,DB,east,0,0,NA,0,,
6/29/2023,4,B,CM,DB,west,0,0,NA,0,,
6/29/2023,4,C,BM,AS,NA,0,0,NA,0,,
6/29/2023,4,D,BM,FC,NA,132.85,146.62,NA,279.47,,
6/29/2023,4,E,BM,DB,east,0,0,NA,0,,
6/29/2023,4,E,BM,DB,west,0,0,NA,0,,
6/29/2023,4,F,SM,AS,NA,0,0,NA,0,,
6/29/2023,4,G,CM,FC,NA,0,0,NA,0,,
6/29/2023,4,H,SM,DB,east,0,0,NA,0,,
6/29/2023,4,H,SM,DB,west,0,0,NA,0,,
6/29/2023,4,I,CM,AS,NA,0,0,NA,0,,
6/29/2023,5,A,CM,AS,NA,0,0,NA,0,,
6/29/2023,5,B,CM,AS,NA,0,0,NA,0,,
6/29/2023,5,C,SM,AS,NA,0,0,NA,0,,
6/29/2023,5,D,SM,AS,NA,0,0,NA,0,,
6/29/2023,5,E,BM,AS,NA,0,0,NA,0,,
6/29/2023,5,F,CM,AS,NA,0,0,NA,0,,
6/29/2023,5,G,BM,AS,NA,0,0,NA,0,,
6/29/2023,5,H,SM,AS,NA,0,0,NA,0,,
6/29/2023,5,I,BM,AS,NA,0,0,NA,0,,
6/29/2023,edge,edge,edge,FC,NA,NA,NA,NA,10010.88,,
7/1/2023,1,A,SM,AS,NA,0,0,NA,0,,
7/1/2023,1,B,BM,FC,NA,0,0,NA,0,,
7/1/2023,1,C,CM,DB,east,0,0,NA,0,,
7/1/2023,1,C,CM,DB,west,0,0,NA,0,,
7/1/2023,1,D,CM,AS,NA,0,0,NA,0,,
7/1/2023,1,E,CM,FC,NA,0,0,NA,0,,
7/1/2023,1,F,SM,DB,west,0,0,NA,0,,
7/1/2023,1,F,SM,DB,east,0,0,NA,0,,
7/1/2023,1,G,BM,AS,NA,40,7,NA,47,,
7/1/2023,1,H,SM,FC,NA,0,0,NA,0,,
7/1/2023,1,I,BM,DB,west,0,0,NA,0,,
7/1/2023,1,I,BM,DB,east,0,0,NA,0,,
7/1/2023,2,A,CM,FC,NA,0,0,NA,0,,
7/1/2023,2,B,SM,DB,east,0,0,NA,0,,
7/1/2023,2,B,SM,DB,west,0,0,NA,0,,
7/1/2023,2,C,CM,AS,NA,0,0,NA,0,,
7/1/2023,2,D,BM,FC,NA,0,0,NA,0,,
7/1/2023,2,E,BM,DB,east,0,0,NA,0,,
7/1/2023,2,E,BM,DB,west,0,0,NA,0,,
7/1/2023,2,F,BM,AS,NA,0,17,NA,17,,
7/1/2023,2,G,SM,FC,NA,0,0,NA,0,,
7/1/2023,2,H,CM,DB,east,0,0,NA,0,,
7/1/2023,2,H,CM,DB,west,0,0,NA,0,,
7/1/2023,2,I,SM,AS,NA,30,10,NA,40,,
7/1/2023,3,A,BM,DB,east,0,0,NA,0,,
7/1/2023,3,A,BM,DB,west,0,0,NA,0,,
7/1/2023,3,B,CM,FC,NA,0,0,NA,0,,
7/1/2023,3,C,SM,AS,NA,0,0,NA,0,,
7/1/2023,3,D,SM,DB,east,0,0,NA,0,,
7/1/2023,3,D,SM,DB,west,0,0,NA,0,,
7/1/2023,3,E,BM,FC,NA,0,0,NA,0,,
7/1/2023,3,F,BM,AS,NA,0,0,NA,0,,
7/1/2023,3,G,CM,DB,east,0,0,NA,0,,
7/1/2023,3,G,CM,DB,west,0,0,NA,0,,
7/1/2023,3,H,SM,FC,NA,0,0,NA,0,,
7/1/2023,3,I,CM,AS,NA,0,0,NA,0,,
7/1/2023,4,A,SM,FC,NA,0,0,NA,0,,
7/1/2023,4,B,CM,DB,east,0,0,NA,0,,
7/1/2023,4,B,CM,DB,west,0,0,NA,0,,
7/1/2023,4,C,BM,AS,NA,5,0,NA,5,,
7/1/2023,4,D,BM,FC,NA,0,0,NA,0,,
7/1/2023,4,E,BM,DB,east,0,0,NA,0,,
7/1/2023,4,E,BM,DB,west,0,0,NA,0,,
7/1/2023,4,F,SM,AS,NA,8,13,NA,21,,
7/1/2023,4,G,CM,FC,NA,0,0,NA,0,,
7/1/2023,4,H,SM,DB,east,0,0,NA,0,,
7/1/2023,4,H,SM,DB,west,0,0,NA,0,,
7/1/2023,4,I,CM,AS,NA,6,8,NA,14,,
7/1/2023,5,A,CM,AS,NA,0,0,NA,0,,
7/1/2023,5,B,CM,AS,NA,0,0,NA,0,,
7/1/2023,5,C,SM,AS,NA,0,0,NA,0,,
7/1/2023,5,D,SM,AS,NA,0,0,NA,0,,
7/1/2023,5,E,BM,AS,NA,0,0,NA,0,,
7/1/2023,5,F,CM,AS,NA,0,0,NA,0,,
7/1/2023,5,G,BM,AS,NA,0,0,NA,0,,
7/1/2023,5,H,SM,AS,NA,0,0,NA,0,,
7/1/2023,5,I,BM,AS,NA,0,0,NA,0,,
7/1/2023,edge,edge,edge,AS,NA,NA,NA,NA,225,,
7/3/2023,1,A,SM,AS,NA,19.37,5.48,NA,24.85,,
7/3/2023,1,B,BM,FC,NA,218.22,160.76,NA,378.98,,
7/3/2023,1,C,CM,DB,east,0,0,NA,0,,
7/3/2023,1,C,CM,DB,west,0,0,NA,0,,
7/3/2023,1,D,CM,AS,NA,39.3,25.3,NA,64.6,,
7/3/2023,1,E,CM,FC,NA,379.5,443.49,NA,822.99,,
7/3/2023,1,F,SM,DB,west,0,0,NA,0,,
7/3/2023,1,F,SM,DB,east,0,0,NA,0,,
7/3/2023,1,G,BM,AS,NA,32.7,1.65,NA,34.35,,
7/3/2023,1,H,SM,FC,NA,432.63,80.73,NA,513.36,,
7/3/2023,1,I,BM,DB,west,0,0,NA,0,,
7/3/2023,1,I,BM,DB,east,0,0,NA,0,,
7/3/2023,2,A,CM,FC,NA,374.43,474.28,NA,848.71,,
7/3/2023,2,B,SM,DB,east,0,0,NA,0,,
7/3/2023,2,B,SM,DB,west,0,0,NA,0,,
7/3/2023,2,C,CM,AS,NA,36.91,15.15,NA,52.06,,
7/3/2023,2,D,BM,FC,NA,492.27,276.88,NA,769.15,,
7/3/2023,2,E,BM,DB,east,0,0,NA,0,,
7/3/2023,2,E,BM,DB,west,0,0,NA,0,,
7/3/2023,2,F,BM,AS,NA,0,11.48,NA,11.48,,
7/3/2023,2,G,SM,FC,NA,551.03,237.19,NA,788.22,,
7/3/2023,2,H,CM,DB,east,0,0,NA,0,,
7/3/2023,2,H,CM,DB,west,0,0,NA,0,,
7/3/2023,2,I,SM,AS,NA,44.23,16.45,NA,60.68,,
7/3/2023,3,A,BM,DB,east,0,0,NA,0,,
7/3/2023,3,A,BM,DB,west,0,0,NA,0,,
7/3/2023,3,B,CM,FC,NA,226.41,244.14,NA,470.55,,
7/3/2023,3,C,SM,AS,NA,16.29,7.23,NA,23.52,,
7/3/2023,3,D,SM,DB,east,0,0,NA,0,,
7/3/2023,3,D,SM,DB,west,0,0,NA,0,,
7/3/2023,3,E,BM,FC,NA,295.52,488.38,NA,783.9,,
7/3/2023,3,F,BM,AS,NA,0,0,NA,0,,
7/3/2023,3,G,CM,DB,east,0,0,NA,0,,
7/3/2023,3,G,CM,DB,west,0,0,NA,0,,
7/3/2023,3,H,SM,FC,NA,382.21,491.47,NA,873.68,,
7/3/2023,3,I,CM,AS,NA,44.25,20.31,NA,64.56,,
7/3/2023,4,A,SM,FC,NA,529.02,362.74,NA,891.76,,
7/3/2023,4,B,CM,DB,east,0,0,NA,0,,
7/3/2023,4,B,CM,DB,west,0,0,NA,0,,
7/3/2023,4,C,BM,AS,NA,4.98,0,NA,4.98,,
7/3/2023,4,D,BM,FC,NA,319.9,424.83,NA,744.73,,
7/3/2023,4,E,BM,DB,east,0,0,NA,0,,
7/3/2023,4,E,BM,DB,west,0,0,NA,0,,
7/3/2023,4,F,SM,AS,NA,42.74,13.62,NA,56.36,,
7/3/2023,4,G,CM,FC,NA,28.79,532.34,NA,561.13,,
7/3/2023,4,H,SM,DB,east,0,0,NA,0,,
7/3/2023,4,H,SM,DB,west,0,0,NA,0,,
7/3/2023,4,I,CM,AS,NA,12.48,4.95,NA,17.43,,
7/3/2023,5,A,CM,AS,NA,39.24,0,NA,39.24,,
7/3/2023,5,B,CM,AS,NA,8.92,5.83,NA,14.75,,
7/3/2023,5,C,SM,AS,NA,68.54,17.63,NA,86.17,,
7/3/2023,5,D,SM,AS,NA,49.13,0,NA,49.13,,
7/3/2023,5,E,BM,AS,NA,35.92,24.53,NA,60.45,,
7/3/2023,5,F,CM,AS,NA,34.87,18.16,NA,53.03,,
7/3/2023,5,G,BM,AS,NA,0,4.36,NA,4.36,,
7/3/2023,5,H,SM,AS,NA,7.35,0,NA,7.35,,
7/3/2023,5,I,BM,AS,NA,50.2,12.58,NA,62.78,,
7/3/2023,edge,edge,edge,AS,NA,NA,NA,NA,761.86,,
7/3/2023,edge,edge,edge,FC,NA,NA,NA,NA,9355.56,,
7/5/2023,1,A,SM,AS,NA,26.28,16.84,NA,43.12,,
7/5/2023,1,B,BM,FC,NA,0,0,NA,0,,
7/5/2023,1,C,CM,DB,east,0,0,NA,0,,
7/5/2023,1,C,CM,DB,west,0,0,NA,0,,
7/5/2023,1,D,CM,AS,NA,18.11,3.75,NA,21.86,,
7/5/2023,1,E,CM,FC,NA,0,0,NA,0,,
7/5/2023,1,F,SM,DB,west,0,0,NA,0,,
7/5/2023,1,F,SM,DB,east,0,0,NA,0,,
7/5/2023,1,G,BM,AS,NA,17.62,15.24,NA,32.86,,
7/5/2023,1,H,SM,FC,NA,0,0,NA,0,,
7/5/2023,1,I,BM,DB,west,0,0,NA,0,,
7/5/2023,1,I,BM,DB,east,0,0,NA,0,,
7/5/2023,2,A,CM,FC,NA,0,0,NA,0,,
7/5/2023,2,B,SM,DB,east,0,0,NA,0,,
7/5/2023,2,B,SM,DB,west,0,0,NA,0,,
7/5/2023,2,C,CM,AS,NA,7.22,5.92,NA,13.14,,
7/5/2023,2,D,BM,FC,NA,0,0,NA,0,,
7/5/2023,2,E,BM,DB,east,0,0,NA,0,,
7/5/2023,2,E,BM,DB,west,0,0,NA,0,,
7/5/2023,2,F,BM,AS,NA,17.81,7.43,NA,25.24,,
7/5/2023,2,G,SM,FC,NA,0,0,NA,0,,
7/5/2023,2,H,CM,DB,east,0,0,NA,0,,
7/5/2023,2,H,CM,DB,west,0,0,NA,0,,
7/5/2023,2,I,SM,AS,NA,28.31,11.46,NA,39.77,,
7/5/2023,3,A,BM,DB,east,0,0,NA,0,,
7/5/2023,3,A,BM,DB,west,0,0,NA,0,,
7/5/2023,3,B,CM,FC,NA,0,0,NA,0,,
7/5/2023,3,C,SM,AS,NA,31.2,0,NA,31.2,,
7/5/2023,3,D,SM,DB,east,0,0,NA,0,,
7/5/2023,3,D,SM,DB,west,0,0,NA,0,,
7/5/2023,3,E,BM,FC,NA,0,0,NA,0,,
7/5/2023,3,F,BM,AS,NA,46.52,0,NA,46.52,,
7/5/2023,3,G,CM,DB,east,0,0,NA,0,,
7/5/2023,3,G,CM,DB,west,0,0,NA,0,,
7/5/2023,3,H,SM,FC,NA,0,0,NA,0,,
7/5/2023,3,I,CM,AS,NA,27.13,8.37,NA,35.5,,
7/5/2023,4,A,SM,FC,NA,0,0,NA,0,,
7/5/2023,4,B,CM,DB,east,0,0,NA,0,,
7/5/2023,4,B,CM,DB,west,0,0,NA,0,,
7/5/2023,4,C,BM,AS,NA,0,8.67,NA,8.67,,
7/5/2023,4,D,BM,FC,NA,0,0,NA,0,,
7/5/2023,4,E,BM,DB,east,0,0,NA,0,,
7/5/2023,4,E,BM,DB,west,0,0,NA,0,,
7/5/2023,4,F,SM,AS,NA,42.7,17.97,NA,60.67,,
7/5/2023,4,G,CM,FC,NA,0,0,NA,0,,
7/5/2023,4,H,SM,DB,east,0,0,NA,0,,
7/5/2023,4,H,SM,DB,west,0,0,NA,0,,
7/5/2023,4,I,CM,AS,NA,8.01,9.94,NA,17.95,,
7/5/2023,5,A,CM,AS,NA,10.9,9.79,NA,20.69,,
7/5/2023,5,B,CM,AS,NA,0,0,NA,0,,
7/5/2023,5,C,SM,AS,NA,9.61,0,NA,9.61,,
7/5/2023,5,D,SM,AS,NA,8.74,0,NA,8.74,,
7/5/2023,5,E,BM,AS,NA,16.74,7.83,NA,24.57,,
7/5/2023,5,F,CM,AS,NA,24.49,6.4,NA,30.89,,
7/5/2023,5,G,BM,AS,NA,5.9,10.05,NA,15.95,,
7/5/2023,5,H,SM,AS,NA,53.97,0,NA,53.97,,
7/5/2023,5,I,BM,AS,NA,3.92,10.17,NA,14.09,,
7/5/2023,edge,edge,edge,AS,NA,NA,NA,NA,504.7,,
7/7/2023,1,A,SM,AS,NA,7,11,NA,18,,
7/7/2023,1,B,BM,FC,NA,660,189,NA,849,,
7/7/2023,1,C,CM,DB,east,0,0,NA,0,,
7/7/2023,1,C,CM,DB,west,0,0,NA,0,,
7/7/2023,1,D,CM,AS,NA,37,0,NA,37,,
7/7/2023,1,E,CM,FC,NA,804,380,NA,1184,,
7/7/2023,1,F,SM,DB,west,0,0,NA,0,,
7/7/2023,1,F,SM,DB,east,0,0,NA,0,,
7/7/2023,1,G,BM,AS,NA,8,7,NA,15,,
7/7/2023,1,H,SM,FC,NA,623,348,NA,971,,
7/7/2023,1,I,BM,DB,west,0,0,NA,0,,
7/7/2023,1,I,BM,DB,east,0,0,NA,0,,
7/7/2023,2,A,CM,FC,NA,700,92,NA,792,,
7/7/2023,2,B,SM,DB,east,0,0,NA,0,,
7/7/2023,2,B,SM,DB,west,0,0,NA,0,,
7/7/2023,2,C,CM,AS,NA,29,11,NA,40,,
7/7/2023,2,D,BM,FC,NA,442,241,NA,683,,
7/7/2023,2,E,BM,DB,east,0,0,NA,0,,
7/7/2023,2,E,BM,DB,west,0,0,NA,0,,
7/7/2023,2,F,BM,AS,NA,24,13,NA,37,,
7/7/2023,2,G,SM,FC,NA,574,265,NA,839,,
7/7/2023,2,H,CM,DB,east,0,0,NA,0,,
7/7/2023,2,H,CM,DB,west,0,0,NA,0,,
7/7/2023,2,I,SM,AS,NA,11,1,NA,12,,
7/7/2023,3,A,BM,DB,east,0,0,NA,0,,
7/7/2023,3,A,BM,DB,west,0,0,NA,0,,
7/7/2023,3,B,CM,FC,NA,578,272,NA,850,,
7/7/2023,3,C,SM,AS,NA,14,0,NA,14,,
7/7/2023,3,D,SM,DB,east,0,0,NA,0,,
7/7/2023,3,D,SM,DB,west,0,0,NA,0,,
7/7/2023,3,E,BM,FC,NA,769,279,NA,1048,,
7/7/2023,3,F,BM,AS,NA,6,0,NA,6,,
7/7/2023,3,G,CM,DB,east,0,0,NA,0,,
7/7/2023,3,G,CM,DB,west,0,0,NA,0,,
7/7/2023,3,H,SM,FC,NA,538,303,NA,841,,
7/7/2023,3,I,CM,AS,NA,29,0,NA,29,,
7/7/2023,4,A,SM,FC,NA,208,205,NA,413,,
7/7/2023,4,B,CM,DB,east,0,0,NA,0,,
7/7/2023,4,B,CM,DB,west,0,0,NA,0,,
7/7/2023,4,C,BM,AS,NA,8,8,NA,16,,
7/7/2023,4,D,BM,FC,NA,520,398,NA,918,,
7/7/2023,4,E,BM,DB,east,0,0,NA,0,,
7/7/2023,4,E,BM,DB,west,0,0,NA,0,,
7/7/2023,4,F,SM,AS,NA,27,6,NA,33,,
7/7/2023,4,G,CM,FC,NA,482,233,NA,715,,
7/7/2023,4,H,SM,DB,east,0,0,NA,0,,
7/7/2023,4,H,SM,DB,west,0,0,NA,0,,
7/7/2023,4,I,CM,AS,NA,11,3,NA,14,,
7/7/2023,5,A,CM,AS,NA,27,0,NA,27,,
7/7/2023,5,B,CM,AS,NA,0,2,NA,2,,
7/7/2023,5,C,SM,AS,NA,9,7,NA,16,,
7/7/2023,5,D,SM,AS,NA,2,7,NA,9,,
7/7/2023,5,E,BM,AS,NA,10,0,NA,10,,
7/7/2023,5,F,CM,AS,NA,37,23,NA,60,,
7/7/2023,5,G,BM,AS,NA,0,0,NA,0,,
7/7/2023,5,H,SM,AS,NA,5,0,NA,5,,
7/7/2023,5,I,BM,AS,NA,27,1,NA,28,,
7/7/2023,edge,edge,edge,AS,NA,NA,NA,NA,552,,
7/7/2023,edge,edge,edge,FC,NA,NA,NA,NA,9074,,
7/10/2023,1,A,SM,AS,NA,28.5,3.2,NA,31.7,,
7/10/2023,1,B,BM,FC,NA,0,102,NA,102,,
7/10/2023,1,C,CM,DB,east,0,0,NA,0,,
7/10/2023,1,C,CM,DB,west,0,0,NA,0,,
7/10/2023,1,D,CM,AS,NA,24.1,2.2,NA,26.3,,
7/10/2023,1,E,CM,FC,NA,269,212,NA,481,,
7/10/2023,1,F,SM,DB,west,0,0,NA,0,,
7/10/2023,1,F,SM,DB,east,0,0,NA,0,,
7/10/2023,1,G,BM,AS,NA,21.3,0,NA,21.3,,
7/10/2023,1,H,SM,FC,NA,241,165,NA,406,,
7/10/2023,1,I,BM,DB,west,0,0,NA,0,,
7/10/2023,1,I,BM,DB,east,0,0,NA,0,,
7/10/2023,2,A,CM,FC,NA,105,102,NA,207,,
7/10/2023,2,B,SM,DB,east,0,0,NA,0,,
7/10/2023,2,B,SM,DB,west,0,0,NA,0,,
7/10/2023,2,C,CM,AS,NA,18.3,0,NA,18.3,,
7/10/2023,2,D,BM,FC,NA,214,146,NA,360,,
7/10/2023,2,E,BM,DB,east,0,0,NA,0,,
7/10/2023,2,E,BM,DB,west,0,0,NA,0,,
7/10/2023,2,F,BM,AS,NA,18,8.6,NA,26.6,,
7/10/2023,2,G,SM,FC,NA,223,189,NA,412,,
7/10/2023,2,H,CM,DB,east,0,0,NA,0,,
7/10/2023,2,H,CM,DB,west,0,0,NA,0,,
7/10/2023,2,I,SM,AS,NA,19.8,7.6,NA,27.4,,
7/10/2023,3,A,BM,DB,east,0,0,NA,0,,
7/10/2023,3,A,BM,DB,west,0,0,NA,0,,
7/10/2023,3,B,CM,FC,NA,218,139,NA,357,,
7/10/2023,3,C,SM,AS,NA,12.7,6.5,NA,19.2,,
7/10/2023,3,D,SM,DB,east,0,0,NA,0,,
7/10/2023,3,D,SM,DB,west,0,0,NA,0,,
7/10/2023,3,E,BM,FC,NA,106,201,NA,307,,
7/10/2023,3,F,BM,AS,NA,26.3,8.9,NA,35.2,,
7/10/2023,3,G,CM,DB,east,0,0,NA,0,,
7/10/2023,3,G,CM,DB,west,0,0,NA,0,,
7/10/2023,3,H,SM,FC,NA,295,134,NA,429,,
7/10/2023,3,I,CM,AS,NA,37.3,0.9,NA,38.2,,
7/10/2023,4,A,SM,FC,NA,0,159,NA,159,,
7/10/2023,4,B,CM,DB,east,0,0,NA,0,,
7/10/2023,4,B,CM,DB,west,0,0,NA,0,,
7/10/2023,4,C,BM,AS,NA,19.7,0,NA,19.7,,
7/10/2023,4,D,BM,FC,NA,306,77,NA,383,,
7/10/2023,4,E,BM,DB,east,0,0,NA,0,,
7/10/2023,4,E,BM,DB,west,0,0,NA,0,,
7/10/2023,4,F,SM,AS,NA,8.1,5,NA,13.1,,
7/10/2023,4,G,CM,FC,NA,275,100,NA,375,,
7/10/2023,4,H,SM,DB,east,0,0,NA,0,,
7/10/2023,4,H,SM,DB,west,0,0,NA,0,,
7/10/2023,4,I,CM,AS,NA,9.7,5.7,NA,15.4,,
7/10/2023,5,A,CM,AS,NA,39.7,7.9,NA,47.6,,
7/10/2023,5,B,CM,AS,NA,4.8,0,NA,4.8,,
7/10/2023,5,C,SM,AS,NA,5.2,0,NA,5.2,,
7/10/2023,5,D,SM,AS,NA,16.9,0,NA,16.9,,
7/10/2023,5,E,BM,AS,NA,21,12.6,NA,33.6,,
7/10/2023,5,F,CM,AS,NA,8,0,NA,8,,
7/10/2023,5,G,BM,AS,NA,0,0,NA,0,,
7/10/2023,5,H,SM,AS,NA,0,0,NA,0,,
7/10/2023,5,I,BM,AS,NA,7.5,2.7,NA,10.2,,
7/10/2023,edge,edge,edge,AS,NA,NA,NA,NA,493.91,,
7/10/2023,edge,edge,edge,FC,NA,NA,NA,NA,6163.7,,
7/13/2023,1,A,SM,AS,NA,10,0,NA,10,,
7/13/2023,1,B,BM,FC,NA,226,255,NA,481,,
7/13/2023,1,C,CM,DB,east,0,0,NA,0,,
7/13/2023,1,C,CM,DB,west,0,0,NA,0,,
7/13/2023,1,D,CM,AS,NA,0,0,NA,0,,
7/13/2023,1,E,CM,FC,NA,158,188,NA,346,,
7/13/2023,1,F,SM,DB,west,0,0,NA,0,,
7/13/2023,1,F,SM,DB,east,0,0,NA,0,,
7/13/2023,1,G,BM,AS,NA,15,0,NA,15,,
7/13/2023,1,H,SM,FC,NA,181,377,NA,558,,
7/13/2023,1,I,BM,DB,west,0,0,NA,0,,
7/13/2023,1,I,BM,DB,east,0,0,NA,0,,
7/13/2023,2,A,CM,FC,NA,194,71,NA,265,,
7/13/2023,2,B,SM,DB,east,0,0,NA,0,,
7/13/2023,2,B,SM,DB,west,0,0,NA,0,,
7/13/2023,2,C,CM,AS,NA,22,0,NA,22,,
7/13/2023,2,D,BM,FC,NA,187,117,NA,304,,
7/13/2023,2,E,BM,DB,east,0,0,NA,0,,
7/13/2023,2,E,BM,DB,west,0,0,NA,0,,
7/13/2023,2,F,BM,AS,NA,30,0,NA,30,,
7/13/2023,2,G,SM,FC,NA,253,116,NA,369,,
7/13/2023,2,H,CM,DB,east,0,0,NA,0,,
7/13/2023,2,H,CM,DB,west,0,0,NA,0,,
7/13/2023,2,I,SM,AS,NA,0,0,NA,0,,
7/13/2023,3,A,BM,DB,east,0,0,NA,0,,
7/13/2023,3,A,BM,DB,west,0,0,NA,0,,
7/13/2023,3,B,CM,FC,NA,183,116,NA,299,,
7/13/2023,3,C,SM,AS,NA,12,2,NA,14,,
7/13/2023,3,D,SM,DB,east,0,0,NA,0,,
7/13/2023,3,D,SM,DB,west,0,0,NA,0,,
7/13/2023,3,E,BM,FC,NA,227,19,NA,246,,
7/13/2023,3,F,BM,AS,NA,5,0,NA,5,,
7/13/2023,3,G,CM,DB,east,0,0,NA,0,,
7/13/2023,3,G,CM,DB,west,0,0,NA,0,,
7/13/2023,3,H,SM,FC,NA,127,0,NA,127,,
7/13/2023,3,I,CM,AS,NA,25,1,NA,26,,
7/13/2023,4,A,SM,FC,NA,203,175,NA,378,,
7/13/2023,4,B,CM,DB,east,0,0,NA,0,,
7/13/2023,4,B,CM,DB,west,0,0,NA,0,,
7/13/2023,4,C,BM,AS,NA,0,0,NA,0,,
7/13/2023,4,D,BM,FC,NA,430,37,NA,467,,
7/13/2023,4,E,BM,DB,east,0,0,NA,0,,
7/13/2023,4,E,BM,DB,west,0,0,NA,0,,
7/13/2023,4,F,SM,AS,NA,0,1,NA,1,,
7/13/2023,4,G,CM,FC,NA,392,50,NA,442,,
7/13/2023,4,H,SM,DB,east,0,0,NA,0,,
7/13/2023,4,H,SM,DB,west,0,0,NA,0,,
7/13/2023,4,I,CM,AS,NA,10,12,NA,22,,
7/13/2023,5,A,CM,AS,NA,18,0,NA,18,,
7/13/2023,5,B,CM,AS,NA,9,0,NA,9,,
7/13/2023,5,C,SM,AS,NA,10,5,NA,15,,
7/13/2023,5,D,SM,AS,NA,0,0,NA,0,,
7/13/2023,5,E,BM,AS,NA,4,0,NA,4,,
7/13/2023,5,F,CM,AS,NA,14,0,NA,14,,
7/13/2023,5,G,BM,AS,NA,12,0,NA,12,,
7/13/2023,5,H,SM,AS,NA,18,0,NA,18,,
7/13/2023,5,I,BM,AS,NA,0,1,NA,1,,
7/13/2023,edge,edge,edge,AS,NA,NA,NA,NA,188,,
7/13/2023,edge,edge,edge,FC,NA,NA,NA,NA,4294,,
7/17/2023,1,A,SM,AS,NA,5,0,NA,5,,
7/17/2023,1,B,BM,FC,NA,597,0,NA,597,,
7/17/2023,1,C,CM,DB,east,0,0,NA,0,,
7/17/2023,1,C,CM,DB,west,0,0,NA,0,,
7/17/2023,1,D,CM,AS,NA,5,0,NA,5,,
7/17/2023,1,E,CM,FC,NA,557,64,NA,621,,
7/17/2023,1,F,SM,DB,west,0,0,NA,0,,
7/17/2023,1,F,SM,DB,east,0,0,NA,0,,
7/17/2023,1,G,BM,AS,NA,1,0,NA,1,,
7/17/2023,1,H,SM,FC,NA,781,32,NA,813,,
7/17/2023,1,I,BM,DB,west,0,0,NA,0,,
7/17/2023,1,I,BM,DB,east,0,0,NA,0,,
7/17/2023,2,A,CM,FC,NA,62,0,NA,62,,
7/17/2023,2,B,SM,DB,east,0,0,NA,0,,
7/17/2023,2,B,SM,DB,west,0,0,NA,0,,
7/17/2023,2,C,CM,AS,NA,5,0,NA,5,,
7/17/2023,2,D,BM,FC,NA,130,0,NA,130,,
7/17/2023,2,E,BM,DB,east,0,0,NA,0,,
7/17/2023,2,E,BM,DB,west,0,0,NA,0,,
7/17/2023,2,F,BM,AS,NA,30,2,NA,32,,
7/17/2023,2,G,SM,FC,NA,274,0,NA,274,,
7/17/2023,2,H,CM,DB,east,0,0,NA,0,,
7/17/2023,2,H,CM,DB,west,0,0,NA,0,,
7/17/2023,2,I,SM,AS,NA,0,0,NA,0,,
7/17/2023,3,A,BM,DB,east,0,0,NA,0,,
7/17/2023,3,A,BM,DB,west,0,0,NA,0,,
7/17/2023,3,B,CM,FC,NA,336,82,NA,418,,
7/17/2023,3,C,SM,AS,NA,7,7,NA,14,,
7/17/2023,3,D,SM,DB,east,0,0,NA,0,,
7/17/2023,3,D,SM,DB,west,0,0,NA,0,,
7/17/2023,3,E,BM,FC,NA,367,0,NA,367,,
7/17/2023,3,F,BM,AS,NA,26,0,NA,26,,
7/17/2023,3,G,CM,DB,east,0,0,NA,0,,
7/17/2023,3,G,CM,DB,west,0,0,NA,0,,
7/17/2023,3,H,SM,FC,NA,616,35,NA,651,,
7/17/2023,3,I,CM,AS,NA,35,23,NA,58,,
7/17/2023,4,A,SM,FC,NA,288,230,NA,518,,
7/17/2023,4,B,CM,DB,east,0,0,NA,0,,
7/17/2023,4,B,CM,DB,west,0,0,NA,0,,
7/17/2023,4,C,BM,AS,NA,0,0,NA,0,,
7/17/2023,4,D,BM,FC,NA,245,209,NA,454,,
7/17/2023,4,E,BM,DB,east,0,0,NA,0,,
7/17/2023,4,E,BM,DB,west,0,0,NA,0,,
7/17/2023,4,F,SM,AS,NA,0,0,NA,0,,
7/17/2023,4,G,CM,FC,NA,770,78,NA,848,,
7/17/2023,4,H,SM,DB,east,0,0,NA,0,,
7/17/2023,4,H,SM,DB,west,0,0,NA,0,,
7/17/2023,4,I,CM,AS,NA,0,0,NA,0,,
7/17/2023,5,A,CM,AS,NA,33,1,NA,34,,
7/17/2023,5,B,CM,AS,NA,17,0,NA,17,,
7/17/2023,5,C,SM,AS,NA,17,2,NA,19,,
7/17/2023,5,D,SM,AS,NA,10,0,NA,10,,
7/17/2023,5,E,BM,AS,NA,17,0,NA,17,,
7/17/2023,5,F,CM,AS,NA,24,0,NA,24,,
7/17/2023,5,G,BM,AS,NA,32,0,NA,32,,
7/17/2023,5,H,SM,AS,NA,9,0,NA,9,,
7/17/2023,5,I,BM,AS,NA,13,0,NA,13,,
7/17/2023,edge,edge,edge,AS,NA,NA,NA,NA,332,,
7/17/2023,edge,edge,edge,FC,NA,NA,NA,NA,5066,,
7/20/2023,1,A,SM,AS,NA,7,0,NA,7,,
7/20/2023,1,B,BM,FC,NA,552,92,NA,644,,plot incorrectly marked as A on datasheet
7/20/2023,1,D,CM,AS,NA,0,6,NA,6,,
7/20/2023,1,E,CM,FC,NA,416,36,NA,452,,plot incorrectly marked as D on datasheet
7/20/2023,1,G,BM,AS,NA,0,12,NA,12,,
7/20/2023,1,H,SM,FC,NA,443,65,NA,508,,plot incorrectly marked as G on datasheet
7/20/2023,2,A,CM,FC,NA,303,121,NA,424,,
7/20/2023,2,C,CM,AS,NA,0,0,NA,0,,
7/20/2023,2,D,BM,FC,NA,248,0,NA,248,,
7/20/2023,2,F,BM,AS,NA,0,4,NA,4,,
7/20/2023,2,G,SM,FC,NA,434,64,NA,498,,
7/20/2023,2,I,SM,AS,NA,0,4,NA,4,,
7/20/2023,3,B,CM,FC,NA,427,41,NA,468,,
7/20/2023,3,C,SM,AS,NA,3,0,NA,3,,
7/20/2023,3,E,BM,FC,NA,353,35,NA,388,,
7/20/2023,3,F,BM,AS,NA,0,0,NA,0,,
7/20/2023,3,H,SM,FC,NA,522,30,NA,552,,
7/20/2023,3,I,CM,AS,NA,11,0,NA,11,,
7/20/2023,4,A,SM,FC,NA,689,233,NA,922,,
7/20/2023,4,C,BM,AS,NA,0,0,NA,0,,
7/20/2023,4,D,BM,FC,NA,642,0,NA,642,,
7/20/2023,4,F,SM,AS,NA,0,0,NA,0,,
7/20/2023,4,G,CM,FC,NA,333,40,NA,373,,
7/20/2023,4,I,CM,AS,NA,0,3,NA,3,,
7/20/2023,5,A,CM,AS,NA,9,8,NA,17,,
7/20/2023,5,B,CM,AS,NA,23,0,NA,23,,
7/20/2023,5,C,SM,AS,NA,10,0,NA,10,,
7/20/2023,5,D,SM,AS,NA,7,0,NA,7,,
7/20/2023,5,E,BM,AS,NA,18,3,NA,21,,
7/20/2023,5,F,CM,AS,NA,22,0,NA,22,,
7/20/2023,5,G,BM,AS,NA,9,0,NA,9,,
7/20/2023,5,H,SM,AS,NA,5,0,NA,5,,
7/20/2023,5,I,BM,AS,NA,0,0,NA,0,,
7/20/2023,edge,edge,edge,AS,NA,NA,NA,NA,136,,
7/20/2023,edge,edge,edge,FC,NA,NA,NA,NA,8635,,
7/21/2023,1,C,CM,DB,west,1166,0,NA,,,full row
7/21/2023,1,C,CM,DB,east,522,0,NA,,,only 6 ft of beans on this side
7/21/2023,1,F,SM,DB,east,1585,0,NA,,,full row
7/21/2023,1,F,SM,DB,west,22,0,NA,,,only 5-5.5ft of beans on this side
7/21/2023,1,I,BM,DB,east,1697,0,NA,,,full row
7/21/2023,1,I,BM,DB,west,13,0,NA,,,about 9ft of beans on this side
7/21/2023,2,B,SM,DB,east,1051,0,NA,,,full row
7/21/2023,2,B,SM,DB,west,0,0,NA,,,7 ft of beans on this side (all small)
7/21/2023,2,E,BM,DB,west,0,0,NA,,,"row is full, but sparse. unsure how to measure in ft"
7/21/2023,2,E,BM,DB,east,377,0,NA,,,full row
7/21/2023,2,H,CM,DB,west,60,0,NA,,,full row
7/21/2023,2,H,CM,DB,east,240,0,NA,,,full row
7/21/2023,3,A,BM,DB,west,0,0,NA,,,"full row, though sparse"
7/21/2023,3,A,BM,DB,east,175,0,NA,,,full row
7/21/2023,3,D,SM,DB,east,62,0,NA,,,full row
7/21/2023,3,D,SM,DB,west,0,0,NA,,,full row
7/21/2023,3,G,CM,DB,west,294,0,NA,,,full row
7/21/2023,3,G,CM,DB,east,0,0,NA,,,full row
7/21/2023,4,B,CM,DB,west,1023,0,NA,,,full row
7/21/2023,4,B,CM,DB,east,0,0,NA,,,almost no plants
7/21/2023,4,E,BM,DB,west,625,0,NA,,,"full row, though a little sparse"
7/21/2023,4,E,BM,DB,east,5,0,NA,,,"full row, little sparse"
7/21/2023,4,H,SM,DB,west,532,0,NA,,,full row
7/21/2023,4,H,SM,DB,east,680,0,NA,,,full row
7/21/2023,edge,edge,edge,edge,NA,NA,NA,NA,11761,,
7/24/2023,1,A,SM,AS,NA,0,0,NA,0,,
7/24/2023,1,B,BM,FC,NA,655,110,NA,765,,
7/24/2023,1,C,CM,DB,east,298,0,NA,298,,
7/24/2023,1,C,CM,DB,west,497,0,NA,497,,
7/24/2023,1,D,CM,AS,NA,0,0,NA,0,,
7/24/2023,1,E,CM,FC,NA,691,26,NA,717,,
7/24/2023,1,F,SM,DB,east,681,0,NA,681,,
7/24/2023,1,F,SM,DB,west,92,0,NA,92,,
7/24/2023,1,G,BM,AS,NA,0,0,NA,0,,
7/24/2023,1,H,SM,FC,NA,832,0,NA,832,,
7/24/2023,1,I,BM,DB,east,639,0,NA,639,,
7/24/2023,1,I,BM,DB,west,71,0,NA,71,,
7/24/2023,2,A,CM,FC,NA,160,79,NA,239,,
7/24/2023,2,B,SM,DB,east,620,0,NA,620,,
7/24/2023,2,B,SM,DB,west,0,0,NA,0,,
7/24/2023,2,C,CM,AS,NA,0,0,NA,0,,
7/24/2023,2,D,BM,FC,NA,402,18,NA,420,,
7/24/2023,2,E,BM,DB,east,581,0,NA,581,,
7/24/2023,2,E,BM,DB,west,16,0,NA,16,,
7/24/2023,2,F,BM,AS,NA,0,0,NA,0,,
7/24/2023,2,G,SM,FC,NA,716,0,NA,716,,
7/24/2023,2,H,CM,DB,east,333,0,NA,333,,
7/24/2023,2,H,CM,DB,west,241,0,NA,241,,
7/24/2023,2,I,SM,AS,NA,0,0,NA,0,,
7/24/2023,3,A,BM,DB,east,169,0,NA,169,,
7/24/2023,3,A,BM,DB,west,10,0,NA,10,,
7/24/2023,3,B,CM,FC,NA,475,24,NA,499,,
7/24/2023,3,C,SM,AS,NA,18,0,NA,18,,
7/24/2023,3,D,SM,DB,east,126,0,NA,126,,
7/24/2023,3,D,SM,DB,west,7,0,NA,7,,
7/24/2023,3,E,BM,FC,NA,346,0,NA,346,,
7/24/2023,3,F,BM,AS,NA,0,0,NA,0,,
7/24/2023,3,G,CM,DB,east,46,0,NA,46,,
7/24/2023,3,G,CM,DB,west,423,0,NA,423,,
7/24/2023,3,H,SM,FC,NA,525,39,NA,564,,
7/24/2023,3,I,CM,AS,NA,0,0,NA,0,,
7/24/2023,4,A,SM,FC,NA,701,0,NA,701,,
7/24/2023,4,B,CM,DB,east,0,0,NA,0,,
7/24/2023,4,B,CM,DB,west,518,0,NA,518,,
7/24/2023,4,C,BM,AS,NA,0,0,NA,0,,
7/24/2023,4,D,BM,FC,NA,692,0,NA,692,,
7/24/2023,4,E,BM,DB,east,16,0,NA,16,,
7/24/2023,4,E,BM,DB,west,232,0,NA,232,,
7/24/2023,4,F,SM,AS,NA,0,0,NA,0,,
7/24/2023,4,G,CM,FC,NA,678,50,NA,728,,
7/24/2023,4,H,SM,DB,east,642,0,NA,642,,
7/24/2023,4,H,SM,DB,west,275,0,NA,275,,
7/24/2023,4,I,CM,AS,NA,0,0,NA,0,,
7/24/2023,5,A,CM,AS,NA,0,0,NA,0,,
7/24/2023,5,B,CM,AS,NA,0,0,NA,0,,
7/24/2023,5,C,SM,AS,NA,10,2,NA,12,,
7/24/2023,5,D,SM,AS,NA,0,0,NA,0,,
7/24/2023,5,E,BM,AS,NA,11,0,NA,11,,
7/24/2023,5,F,CM,AS,NA,5,0,NA,5,,
7/24/2023,5,G,BM,AS,NA,0,0,NA,0,,
7/24/2023,5,H,SM,AS,NA,8,0,NA,8,,
7/24/2023,5,I,BM,AS,NA,0,0,NA,0,,
7/24/2023,edge,edge,edge,AS,NA,NA,NA,NA,30,,
7/24/2023,edge,edge,edge,DB,NA,NA,NA,NA,6508,,
7/24/2023,edge,edge,edge,FC,NA,NA,NA,NA,6289,,
7/27/2023,1,A,SM,AS,NA,0,0,NA,0,,
7/27/2023,1,B,BM,FC,NA,374,44,NA,418,,
7/27/2023,1,C,CM,DB,east,391,0,NA,391,,
7/27/2023,1,C,CM,DB,west,858,0,NA,858,,
7/27/2023,1,D,CM,AS,NA,0,0,NA,0,,
7/27/2023,1,E,CM,FC,NA,195,0,NA,195,,
7/27/2023,1,F,SM,DB,east,703,0,NA,703,,
7/27/2023,1,F,SM,DB,west,412,0,NA,412,,
7/27/2023,1,G,BM,AS,NA,0,0,NA,0,,
7/27/2023,1,H,SM,FC,NA,323,15,NA,338,,
7/27/2023,1,I,BM,DB,east,593,0,NA,593,,
7/27/2023,1,I,BM,DB,west,482,0,NA,482,,
7/27/2023,2,A,CM,FC,NA,81,24,NA,105,,
7/27/2023,2,B,SM,DB,east,384,0,NA,384,,
7/27/2023,2,B,SM,DB,west,0,0,NA,0,,
7/27/2023,2,C,CM,AS,NA,0,0,NA,0,,
7/27/2023,2,D,BM,FC,NA,178,0,NA,178,,
7/27/2023,2,E,BM,DB,east,578,0,NA,578,,
7/27/2023,2,E,BM,DB,west,90,0,NA,90,,
7/27/2023,2,F,BM,AS,NA,0,0,NA,0,,
7/27/2023,2,G,SM,FC,NA,336,0,NA,336,,
7/27/2023,2,H,CM,DB,east,382,0,NA,382,,
7/27/2023,2,H,CM,DB,west,417,0,NA,417,,
7/27/2023,2,I,SM,AS,NA,0,0,NA,0,,
7/27/2023,3,A,BM,DB,west,77,0,NA,77,,
7/27/2023,3,A,BM,DB,east,516,0,NA,516,,
7/27/2023,3,B,CM,FC,NA,146,21,NA,167,,
7/27/2023,3,C,SM,AS,NA,0,0,NA,0,,
7/27/2023,3,D,SM,DB,west,52,0,NA,52,,
7/27/2023,3,D,SM,DB,east,215,0,NA,215,,
7/27/2023,3,E,BM,FC,NA,442,0,NA,442,,
7/27/2023,3,F,BM,AS,NA,0,0,NA,0,,
7/27/2023,3,G,CM,DB,east,193,0,NA,193,,
7/27/2023,3,G,CM,DB,west,571,0,NA,571,,
7/27/2023,3,H,SM,FC,NA,502,0,NA,502,,
7/27/2023,3,I,CM,AS,NA,0,0,NA,0,,
7/27/2023,4,A,SM,FC,NA,419,0,NA,419,,
7/27/2023,4,B,CM,DB,west,936,0,NA,936,,
7/27/2023,4,B,CM,DB,east,0,0,NA,0,,
7/27/2023,4,C,BM,AS,NA,0,0,NA,0,,
7/27/2023,4,D,BM,FC,NA,435,0,NA,435,,
7/27/2023,4,E,BM,DB,east,152,0,NA,152,,
7/27/2023,4,E,BM,DB,west,310,0,NA,310,,
7/27/2023,4,F,SM,AS,NA,0,0,NA,0,,
7/27/2023,4,G,CM,FC,NA,541,0,NA,541,,
7/27/2023,4,H,SM,DB,west,528,0,NA,528,,
7/27/2023,4,H,SM,DB,east,449,0,NA,449,,
7/27/2023,4,I,CM,AS,NA,0,0,NA,0,,
7/27/2023,5,A,CM,AS,NA,0,0,NA,0,,
7/27/2023,5,B,CM,AS,NA,0,0,NA,0,,
7/27/2023,5,C,SM,AS,NA,0,1,NA,1,,
7/27/2023,5,D,SM,AS,NA,0,1,NA,1,,
7/27/2023,5,E,BM,AS,NA,0,5,NA,5,,
7/27/2023,5,F,CM,AS,NA,0,0,NA,0,,
7/27/2023,5,G,BM,AS,NA,0,1,NA,1,,
7/27/2023,5,H,SM,AS,NA,0,0,NA,0,,
7/27/2023,5,I,BM,AS,NA,0,0,NA,0,,
7/27/2023,edge,edge,edge,AS,NA,NA,NA,NA,2,,
7/27/2023,edge,edge,edge,DB,NA,NA,NA,NA,10648,,
7/27/2023,edge,edge,edge,FC,NA,NA,NA,NA,5018,,
7/31/2023,1,A,SM,AS,NA,0,0,NA,0,,
7/31/2023,1,B,BM,FC,NA,457,0,NA,457,,
7/31/2023,1,C,CM,DB,east,575,0,NA,575,,
7/31/2023,1,C,CM,DB,west,713,0,NA,713,,
7/31/2023,1,D,CM,AS,NA,0,0,NA,0,,
7/31/2023,1,E,CM,FC,NA,573,30,NA,603,,
7/31/2023,1,F,SM,DB,west,388,0,NA,388,,
7/31/2023,1,F,SM,DB,east,1435,0,NA,1435,,
7/31/2023,1,G,BM,AS,NA,0,0,NA,0,,
7/31/2023,1,H,SM,FC,NA,590,0,NA,590,,
7/31/2023,1,I,BM,DB,west,425,0,NA,425,,
7/31/2023,1,I,BM,DB,east,1328,0,NA,1328,,
7/31/2023,2,A,CM,FC,NA,281,95,NA,376,,
7/31/2023,2,B,SM,DB,east,805,0,NA,805,,
7/31/2023,2,B,SM,DB,west,302,0,NA,302,,
7/31/2023,2,C,CM,AS,NA,0,0,NA,0,,
7/31/2023,2,D,BM,FC,NA,580,111,NA,691,,
7/31/2023,2,E,BM,DB,east,876,0,NA,876,,
7/31/2023,2,E,BM,DB,west,380,0,NA,380,,
7/31/2023,2,F,BM,AS,NA,0,1,NA,1,,
7/31/2023,2,G,SM,FC,NA,690,70,NA,760,,
7/31/2023,2,H,CM,DB,east,960,0,NA,960,,
7/31/2023,2,H,CM,DB,west,633,0,NA,633,,
7/31/2023,2,I,SM,AS,NA,0,0,NA,0,,
7/31/2023,3,A,BM,DB,east,597,0,NA,597,,
7/31/2023,3,A,BM,DB,west,366,0,NA,366,,
7/31/2023,3,B,CM,FC,NA,480,48,NA,528,,
7/31/2023,3,C,SM,AS,NA,7,0,NA,7,,
7/31/2023,3,D,SM,DB,east,632,0,NA,632,,
7/31/2023,3,D,SM,DB,west,373,0,NA,373,,
7/31/2023,3,E,BM,FC,NA,730,13,NA,743,,
7/31/2023,3,F,BM,AS,NA,0,0,NA,0,,
7/31/2023,3,G,CM,DB,east,660,0,NA,660,,
7/31/2023,3,G,CM,DB,west,1349,0,NA,1349,,
7/31/2023,3,H,SM,FC,NA,781,0,NA,781,,
7/31/2023,3,I,CM,AS,NA,0,0,NA,0,,
7/31/2023,4,A,SM,FC,NA,409,0,NA,409,,
7/31/2023,4,B,CM,DB,east,170,0,NA,170,,
7/31/2023,4,B,CM,DB,west,923,0,NA,923,,
7/31/2023,4,C,BM,AS,NA,0,0,NA,0,,
7/31/2023,4,D,BM,FC,NA,652,42,NA,694,,
7/31/2023,4,E,BM,DB,east,314,0,NA,314,,
7/31/2023,4,E,BM,DB,west,440,0,NA,440,,
7/31/2023,4,F,SM,AS,NA,0,0,NA,0,,
7/31/2023,4,G,CM,FC,NA,890,16,NA,906,,
7/31/2023,4,H,SM,DB,east,1089,0,NA,1089,,
7/31/2023,4,H,SM,DB,west,766,0,NA,766,,
7/31/2023,4,I,CM,AS,NA,0,0,NA,0,,
7/31/2023,5,A,CM,AS,NA,0,0,NA,0,,
7/31/2023,5,B,CM,AS,NA,0,0,NA,0,,
7/31/2023,5,C,SM,AS,NA,0,0,NA,0,,
7/31/2023,5,D,SM,AS,NA,8,0,NA,8,,
7/31/2023,5,E,BM,AS,NA,7,0,NA,7,,
7/31/2023,5,F,CM,AS,NA,0,0,NA,0,,
7/31/2023,5,G,BM,AS,NA,0,0,NA,0,,
7/31/2023,5,H,SM,AS,NA,0,0,NA,0,,
7/31/2023,5,I,BM,AS,NA,0,4,NA,4,,
7/31/2023,edge,edge,edge,DB,NA,NA,NA,NA,16556,,
7/31/2023,edge,edge,edge,FC,NA,NA,NA,NA,8155,,
8/3/2023,1,A,SM,AS,NA,0,0,NA,0,,
8/3/2023,1,B,BM,FC,NA,499,0,NA,499,,
8/3/2023,1,C,CM,DB,east,519,0,NA,519,,
8/3/2023,1,C,CM,DB,west,682,0,NA,682,,
8/3/2023,1,D,CM,AS,NA,0,0,NA,0,,
8/3/2023,1,E,CM,FC,NA,143,0,NA,143,,
8/3/2023,1,F,SM,DB,east,896,0,NA,896,,
8/3/2023,1,F,SM,DB,west,374,0,NA,374,,
8/3/2023,1,G,BM,AS,NA,0,0,NA,0,,
8/3/2023,1,H,SM,FC,NA,406,0,NA,406,,
8/3/2023,1,I,BM,DB,east,571,0,NA,571,,
8/3/2023,1,I,BM,DB,west,698,0,NA,698,,
8/3/2023,2,A,CM,FC,NA,70,17,NA,87,,
8/3/2023,2,B,SM,DB,east,776,0,NA,776,,
8/3/2023,2,B,SM,DB,west,96,0,NA,96,,
8/3/2023,2,C,CM,AS,NA,0,0,NA,0,,
8/3/2023,2,D,BM,FC,NA,208,0,NA,208,,
8/3/2023,2,E,BM,DB,east,718,0,NA,718,,
8/3/2023,2,E,BM,DB,west,360,0,NA,360,,
8/3/2023,2,F,BM,AS,NA,0,0,NA,0,,
8/3/2023,2,G,SM,FC,NA,157,76,NA,233,,
8/3/2023,2,H,CM,DB,east,1012,0,NA,1012,,
8/3/2023,2,H,CM,DB,west,771,0,NA,771,,
8/3/2023,2,I,SM,AS,NA,0,0,NA,0,,
8/3/2023,3,A,BM,DB,east,507,0,NA,507,,
8/3/2023,3,A,BM,DB,west,549,0,NA,549,,
8/3/2023,3,B,CM,FC,NA,80,24,NA,104,,
8/3/2023,3,C,SM,AS,NA,0,0,NA,0,,
8/3/2023,3,E,BM,FC,NA,336,0,NA,336,,
8/3/2023,3,F,BM,AS,NA,14,0,NA,14,,
8/3/2023,3,H,SM,FC,NA,392,0,NA,392,,
8/3/2023,3,I,CM,AS,NA,0,0,NA,0,,
8/3/2023,4,A,SM,FC,NA,368,0,NA,368,,
8/3/2023,4,D,BM,FC,NA,539,0,NA,539,,
8/3/2023,4,F,SM,AS,NA,0,0,NA,0,,
8/3/2023,4,G,CM,FC,NA,461,0,NA,461,,
8/3/2023,4,I,CM,AS,NA,63,0,NA,63,,includes 03 Aug and 04 Aug
8/3/2023,5,A,CM,AS,NA,0,0,NA,0,,
8/3/2023,5,B,CM,AS,NA,0,0,NA,0,,
8/3/2023,5,C,SM,AS,NA,0,1,NA,1,,
8/3/2023,5,D,SM,AS,NA,0,0,NA,0,,
8/3/2023,5,E,BM,AS,NA,0,0,NA,0,,
8/3/2023,5,F,CM,AS,NA,0,0,NA,0,,
8/3/2023,5,G,BM,AS,NA,0,0,NA,0,,
8/3/2023,5,H,SM,AS,NA,0,0,NA,0,,
8/3/2023,5,I,BM,AS,NA,0,0,NA,0,,
8/3/2023,edge,edge,edge,AS,NA,NA,NA,NA,20,,
8/3/2023,edge,edge,edge,DB,NA,NA,NA,NA,16346,,
8/3/2023,edge,edge,edge,FC,NA,NA,NA,NA,3677,,
8/4/2023,3,D,SM,DB,east,647,0,NA,647,,
8/4/2023,3,D,SM,DB,west,858,0,NA,858,,
8/4/2023,3,G,CM,DB,west,746,0,NA,746,,
8/4/2023,3,G,CM,DB,east,845,0,NA,845,,
8/4/2023,4,B,CM,DB,west,978,0,NA,978,,
8/4/2023,4,B,CM,DB,east,103,0,NA,103,,
8/4/2023,4,C,BM,AS,NA,8,0,NA,8,,
8/4/2023,4,E,BM,DB,east,610,0,NA,610,,
8/4/2023,4,E,BM,DB,west,580,0,NA,580,,
8/4/2023,4,H,SM,DB,east,1149,0,NA,1149,,
8/4/2023,4,H,SM,DB,west,1056,0,NA,1056,,
8/7/2023,1,A,SM,AS,NA,0,7,NA,7,,
8/7/2023,1,B,BM,FC,NA,762,35,NA,797,,
8/7/2023,1,C,CM,DB,west,222,0,NA,222,,
8/7/2023,1,C,CM,DB,east,347,0,NA,347,,
8/7/2023,1,D,CM,AS,NA,0,0,NA,0,,
8/7/2023,1,E,CM,FC,NA,551,191,NA,742,,
8/7/2023,1,F,SM,DB,west,375,0,NA,375,,
8/7/2023,1,F,SM,DB,east,356,0,NA,356,,
8/7/2023,1,G,BM,AS,NA,41,9,NA,50,,
8/7/2023,1,H,SM,FC,NA,615,34,NA,649,,
8/7/2023,1,I,BM,DB,west,407,0,NA,407,,
8/7/2023,1,I,BM,DB,east,264,0,NA,264,,
8/7/2023,2,A,CM,FC,NA,426,191,NA,617,,
8/7/2023,2,B,SM,DB,west,84,0,NA,84,,
8/7/2023,2,B,SM,DB,east,292,0,NA,292,,
8/7/2023,2,C,CM,AS,NA,0,0,NA,0,,
8/7/2023,2,D,BM,FC,NA,462,197,NA,659,,
8/7/2023,2,E,BM,DB,west,183,0,NA,183,,
8/7/2023,2,E,BM,DB,east,224,0,NA,224,,
8/7/2023,2,F,BM,AS,NA,0,0,NA,0,,
8/7/2023,2,G,SM,FC,NA,538,221,NA,759,,
8/7/2023,2,H,CM,DB,west,616,0,NA,616,,
8/7/2023,2,H,CM,DB,east,595,0,NA,595,,
8/7/2023,2,I,SM,AS,NA,0,15,NA,15,,
8/7/2023,3,A,BM,DB,west,420,0,NA,420,,
8/7/2023,3,A,BM,DB,east,234,0,NA,234,,
8/7/2023,3,B,CM,FC,NA,658,132,NA,790,,"the plots and treatments are mislabeled on the original datasheet. not sure if we can use this week. 2025 Jen - updated plots to match the treatment/crop, since these aligned with plots we were missing measurements for this week"
8/7/2023,3,C,SM,AS,NA,0,0,NA,0,,
8/7/2023,3,D,SM,DB,west,538,0,NA,538,,
8/7/2023,3,D,SM,DB,east,404,0,NA,404,,
8/7/2023,3,H,SM,FC,NA,413,73,NA,486,,"the plots and treatments are mislabeled on the original datasheet. not sure if we can use this week. 2025 Jen - updated plots to match the treatment/crop, since these aligned with plots we were missing measurements for this week"
8/7/2023,3,F,BM,AS,NA,17,0,NA,17,,
8/7/2023,3,G,CM,DB,west,275,0,NA,275,,
8/7/2023,3,G,CM,DB,east,555,0,NA,555,,
8/7/2023,3,E,BM,FC,NA,447,193,NA,640,,"the plots and treatments are mislabeled on the original datasheet. not sure if we can use this week. 2025 Jen - updated plots to match the treatment/crop, since these aligned with plots we were missing measurements for this week"
8/7/2023,3,I,CM,AS,NA,16,0,NA,16,,
8/7/2023,4,A,SM,FC,NA,447,181,NA,628,,
8/7/2023,4,B,CM,DB,west,204,0,NA,204,,
8/7/2023,4,B,CM,DB,east,99,0,NA,99,,
8/7/2023,4,C,BM,AS,NA,21,0,NA,21,,
8/7/2023,4,D,BM,FC,NA,844,200,NA,1044,,
8/7/2023,4,E,BM,DB,west,178,0,NA,178,,
8/7/2023,4,E,BM,DB,east,339,0,NA,339,,
8/7/2023,4,F,SM,AS,NA,56,0,NA,56,,
8/7/2023,4,G,CM,FC,NA,764,61,NA,825,,
8/7/2023,4,H,SM,DB,west,318,0,NA,318,,
8/7/2023,4,H,SM,DB,east,183,0,NA,183,,
8/7/2023,4,I,CM,AS,NA,79,19,NA,98,,
8/7/2023,5,A,CM,AS,NA,0,0,NA,0,,
8/7/2023,5,B,CM,AS,NA,0,0,NA,0,,
8/7/2023,5,C,SM,AS,NA,0,0,NA,0,,
8/7/2023,5,D,SM,AS,NA,0,5,NA,5,,
8/7/2023,5,E,BM,AS,NA,0,0,NA,0,,
8/7/2023,5,F,CM,AS,NA,58,0,NA,58,,
8/7/2023,5,G,BM,AS,NA,0,0,NA,0,,
8/7/2023,5,H,SM,AS,NA,14,0,NA,14,,
8/7/2023,5,I,BM,AS,NA,8,0,NA,8,,
8/7/2023,edge,edge,edge,AS,NA,NA,NA,NA,288,,
8/7/2023,edge,edge,edge,DB,NA,NA,NA,NA,8499,,
8/7/2023,edge,edge,edge,FC,NA,NA,NA,NA,7869,,
8/11/2023,1,A,SM,AS,NA,103,0,NA,103,,
8/11/2023,1,B,BM,FC,NA,312,76,NA,388,,"unmarketable yield mostly small leaves, harvested to nudge the plants to produce more again"
8/11/2023,1,C,CM,DB,east,265,0,NA,265,,
8/11/2023,1,C,CM,DB,west,146,0,NA,146,,
8/11/2023,1,D,CM,AS,NA,127,21,NA,148,,
8/11/2023,1,E,CM,FC,NA,123,162,NA,285,,"unmarketable yield mostly small leaves, harvested to nudge the plants to produce more again"
8/11/2023,1,F,SM,DB,west,397,0,NA,397,,
8/11/2023,1,F,SM,DB,east,266,0,NA,266,,
8/11/2023,1,G,BM,AS,NA,122,17,NA,139,,
8/11/2023,1,H,SM,FC,NA,45,182,NA,227,,"unmarketable yield mostly small leaves, harvested to nudge the plants to produce more again"
8/11/2023,1,I,BM,DB,west,605,0,NA,605,,
8/11/2023,1,I,BM,DB,east,108,0,NA,108,,
8/11/2023,2,A,CM,FC,NA,0,221,NA,221,,"unmarketable yield mostly small leaves, harvested to nudge the plants to produce more again"
8/11/2023,2,B,SM,DB,east,347,0,NA,347,,
8/11/2023,2,B,SM,DB,west,342,0,NA,342,,
8/11/2023,2,C,CM,AS,NA,81,0,NA,81,,
8/11/2023,2,D,BM,FC,NA,153,159,NA,312,,"unmarketable yield mostly small leaves, harvested to nudge the plants to produce more again"
8/11/2023,2,E,BM,DB,west,485,0,NA,485,,
8/11/2023,2,E,BM,DB,east,275,0,NA,275,,
8/11/2023,2,F,BM,AS,NA,93,0,NA,93,,
8/11/2023,2,G,SM,FC,NA,241,100,NA,341,,"unmarketable yield mostly small leaves, harvested to nudge the plants to produce more again"
8/11/2023,2,H,CM,DB,west,754,0,NA,754,,
8/11/2023,2,H,CM,DB,east,353,0,NA,353,,
8/11/2023,2,I,SM,AS,NA,171,12,NA,183,,
8/11/2023,3,A,BM,DB,east,387,0,NA,387,,
8/11/2023,3,A,BM,DB,west,668,0,NA,668,,
8/11/2023,3,B,CM,FC,NA,46,0,NA,46,,
8/11/2023,3,C,SM,AS,NA,9,0,NA,9,,
8/11/2023,3,D,SM,DB,east,998,0,NA,998,,
8/11/2023,3,D,SM,DB,west,1314,0,NA,1314,,
8/11/2023,3,E,BM,FC,NA,39,0,NA,39,,
8/11/2023,3,F,BM,AS,NA,58,0,NA,58,,
8/11/2023,3,G,CM,DB,east,1059,0,NA,1059,,
8/11/2023,3,G,CM,DB,west,288,0,NA,288,,
8/11/2023,3,H,SM,FC,NA,153,21,NA,174,,
8/11/2023,3,I,CM,AS,NA,128,0,NA,128,,
8/11/2023,4,A,SM,FC,NA,223,25,NA,248,,
8/11/2023,4,B,CM,DB,east,282,0,NA,282,,
8/11/2023,4,B,CM,DB,west,242,0,NA,242,,
8/11/2023,4,C,BM,AS,NA,112,9,NA,121,,
8/11/2023,4,D,BM,FC,NA,162,0,NA,162,,
8/11/2023,4,E,BM,DB,east,851,0,NA,851,,
8/11/2023,4,E,BM,DB,west,396,0,NA,396,,
8/11/2023,4,F,SM,AS,NA,71,8,NA,79,,
8/11/2023,4,G,CM,FC,NA,363,0,NA,363,,
8/11/2023,4,H,SM,DB,east,283,0,NA,283,,
8/11/2023,4,H,SM,DB,west,240,0,NA,240,,
8/11/2023,4,I,CM,AS,NA,125,22,NA,147,,
8/11/2023,5,A,CM,AS,NA,69,0,NA,69,,
8/11/2023,5,B,CM,AS,NA,17,0,NA,17,,
8/11/2023,5,C,SM,AS,NA,11,0,NA,11,,
8/11/2023,5,D,SM,AS,NA,52,3,NA,55,,
8/11/2023,5,E,BM,AS,NA,38,18,NA,56,,
8/11/2023,5,F,CM,AS,NA,164,13,NA,177,,
8/11/2023,5,G,BM,AS,NA,43,0,NA,43,,
8/11/2023,5,H,SM,AS,NA,94,2,NA,96,,
8/11/2023,5,I,BM,AS,NA,85,12,NA,97,,
8/11/2023,edge,edge,edge,AS,NA,NA,NA,NA,1950,,
8/11/2023,edge,edge,edge,DB,NA,NA,NA,NA,9966,,
8/11/2023,edge,edge,edge,FC,NA,NA,NA,NA,2989,,
8/15/2023,1,A,SM,AS,NA,113,0,NA,113,,
8/15/2023,1,B,BM,FC,NA,322,0,NA,322,,
8/14/2023,1,C,CM,DB,east,97,0,NA,97,,
8/14/2023,1,C,CM,DB,west,73,0,NA,73,,
8/15/2023,1,D,CM,AS,NA,143,0,NA,143,,
8/15/2023,1,E,CM,FC,NA,120,0,NA,120,,
8/14/2023,1,F,SM,DB,east,93,0,NA,93,,
8/14/2023,1,F,SM,DB,west,250,0,NA,250,,
8/15/2023,1,G,BM,AS,NA,84,22,NA,106,,
8/15/2023,1,H,SM,FC,NA,146,0,NA,146,,
8/14/2023,1,I,BM,DB,east,47,0,NA,47,,
8/14/2023,1,I,BM,DB,west,218,0,NA,218,,
8/15/2023,2,A,CM,FC,NA,186,0,NA,186,,
8/14/2023,2,B,SM,DB,east,91,0,NA,91,,
8/14/2023,2,B,SM,DB,west,207,0,NA,207,,
8/15/2023,2,C,CM,AS,NA,44,0,NA,44,,"plot and treatment did not match on field datasheet. Person who recorded clearly intentionally changed the plot label, so using those as the source of truth"
8/15/2023,2,D,BM,FC,NA,200,0,NA,200,,
8/14/2023,2,E,BM,DB,east,51,0,NA,51,,
8/14/2023,2,E,BM,DB,west,120,0,NA,120,,
8/15/2023,2,F,BM,AS,NA,227,9,NA,236,,
8/15/2023,2,G,SM,FC,NA,244,0,NA,244,,
8/14/2023,2,H,CM,DB,east,93,0,NA,93,,
8/14/2023,2,H,CM,DB,west,184,0,NA,184,,
8/15/2023,2,I,SM,AS,NA,116,41,NA,157,,"plot and treatment did not match on field datasheet. Person who recorded clearly intentionally changed the plot label, so using those as the source of truth"
8/14/2023,3,A,BM,DB,east,50,0,NA,50,,
8/14/2023,3,A,BM,DB,west,318,0,NA,318,,
8/15/2023,3,B,CM,FC,NA,289,16,NA,305,,
8/15/2023,3,C,SM,AS,NA,12,0,NA,12,,
8/14/2023,3,D,SM,DB,east,460,0,NA,460,,
8/14/2023,3,D,SM,DB,west,270,0,NA,270,,
8/15/2023,3,E,BM,FC,NA,347,0,NA,347,,
8/15/2023,3,F,BM,AS,NA,66,30,NA,96,,
8/14/2023,3,G,CM,DB,east,323,0,NA,323,,
8/14/2023,3,G,CM,DB,west,60,0,NA,60,,
8/15/2023,3,H,SM,FC,NA,389,0,NA,389,,
8/15/2023,3,I,CM,AS,NA,83,0,NA,83,,
8/15/2023,4,A,SM,FC,NA,462,0,NA,462,,
8/14/2023,4,B,CM,DB,east,135,0,NA,135,,
8/14/2023,4,B,CM,DB,west,45,0,NA,45,,
8/15/2023,4,C,BM,AS,NA,118,15,NA,133,,
8/15/2023,4,D,BM,FC,NA,423,0,NA,423,,
8/14/2023,4,E,BM,DB,east,336,0,NA,336,,
8/14/2023,4,E,BM,DB,west,153,0,NA,153,,
8/15/2023,4,F,SM,AS,NA,97,0,NA,97,,
8/15/2023,4,G,CM,FC,NA,440,0,NA,440,,
8/14/2023,4,H,SM,DB,east,109,0,NA,109,,
8/14/2023,4,H,SM,DB,west,162,0,NA,162,,
8/15/2023,4,I,CM,AS,NA,135,0,NA,135,,includes harvest from 8/14 and 8/15
8/14/2023,5,A,CM,AS,NA,111,31,NA,142,,
8/14/2023,5,B,CM,AS,NA,77,0,NA,77,,
8/14/2023,5,C,SM,AS,NA,16,0,NA,16,,plot and treatment did not match but treating plot as source of truth
8/14/2023,5,D,SM,AS,NA,68,0,NA,68,,
8/14/2023,5,E,BM,AS,NA,49,0,NA,49,,
8/14/2023,5,F,CM,AS,NA,163,0,NA,163,,
8/14/2023,5,G,BM,AS,NA,99,20,NA,119,,
8/14/2023,5,H,SM,AS,NA,149,0,NA,149,,
8/14/2023,5,I,BM,AS,NA,112,22,NA,134,,
8/14/2023,edge,edge,edge,AS,NA,NA,NA,NA,2120,,includes harvest from 8/15 as well
8/14/2023,edge,edge,edge,DB,NA,NA,NA,NA,4722,,
8/14/2023,edge,edge,edge,FC,NA,NA,NA,NA,5024,,
8/17/2023,1,A,SM,AS,NA,171,0,NA,171,,
8/17/2023,1,B,BM,FC,NA,118,29,NA,147,,
8/17/2023,1,C,CM,DB,east,147,0,NA,147,,
8/17/2023,1,C,CM,DB,west,113,0,NA,113,,
8/17/2023,1,D,CM,AS,NA,189,0,NA,189,,
8/17/2023,1,E,CM,FC,NA,90,76,NA,166,,
8/17/2023,1,F,SM,DB,east,64,0,NA,64,,
8/17/2023,1,F,SM,DB,west,247,0,NA,247,,
8/17/2023,1,G,BM,AS,NA,182,0,NA,182,,
8/17/2023,1,H,SM,FC,NA,152,56,NA,208,,
8/17/2023,1,I,BM,DB,east,60,0,NA,60,,
8/17/2023,1,I,BM,DB,west,215,0,NA,215,,
8/17/2023,2,A,CM,FC,NA,153,0,NA,153,,
8/17/2023,2,B,SM,DB,east,102,0,NA,102,,
8/17/2023,2,B,SM,DB,west,362,0,NA,362,,
8/17/2023,2,C,CM,AS,NA,66,0,NA,66,,
8/17/2023,2,D,BM,FC,NA,129,13,NA,142,,
8/17/2023,2,E,BM,DB,east,35,0,NA,35,,
8/17/2023,2,E,BM,DB,west,191,0,NA,191,,
8/17/2023,2,F,BM,AS,NA,101,0,NA,101,,
8/17/2023,2,G,SM,FC,NA,113,15,NA,128,,
8/17/2023,2,H,CM,DB,east,76,0,NA,76,,
8/17/2023,2,H,CM,DB,west,164,0,NA,164,,
8/17/2023,2,I,SM,AS,NA,205,0,NA,205,,
8/17/2023,3,A,BM,DB,east,48,0,NA,48,,
8/17/2023,3,A,BM,DB,west,161,0,NA,161,,
8/17/2023,3,B,CM,FC,NA,143,29,NA,172,,
8/17/2023,3,C,SM,AS,NA,44,0,NA,44,,
8/17/2023,3,D,SM,DB,east,213,0,NA,213,,
8/17/2023,3,D,SM,DB,west,378,0,NA,378,,
8/17/2023,3,E,BM,FC,NA,193,31,NA,224,,
8/17/2023,3,F,BM,AS,NA,65,0,NA,65,,
8/17/2023,3,G,CM,DB,east,278,0,NA,278,,
8/17/2023,3,G,CM,DB,west,127,0,NA,127,,
8/17/2023,3,H,SM,FC,NA,204,0,NA,204,,
8/17/2023,3,I,CM,AS,NA,75,27,NA,102,,
8/17/2023,4,A,SM,FC,NA,140,47,NA,187,,
8/17/2023,4,B,CM,DB,east,57,0,NA,57,,
8/17/2023,4,B,CM,DB,west,81,0,NA,81,,
8/17/2023,4,C,BM,AS,NA,71,0,NA,71,,
8/17/2023,4,D,BM,FC,NA,97,39,NA,136,,
8/17/2023,4,E,BM,DB,east,455,0,NA,455,,
8/17/2023,4,E,BM,DB,west,252,0,NA,252,,
8/17/2023,4,F,SM,AS,NA,126,0,NA,126,,
8/17/2023,4,G,CM,FC,NA,281,0,NA,281,,
8/17/2023,4,H,SM,DB,east,155,0,NA,155,,
8/17/2023,4,H,SM,DB,west,128,0,NA,128,,
8/17/2023,4,I,CM,AS,NA,146,0,NA,146,,
8/17/2023,5,A,CM,AS,NA,82,0,NA,82,,
8/17/2023,5,B,CM,AS,NA,67,15,NA,82,,
8/17/2023,5,C,SM,AS,NA,106,0,NA,106,,
8/17/2023,5,D,SM,AS,NA,103,0,NA,103,,
8/17/2023,5,E,BM,AS,NA,95,0,NA,95,,
8/17/2023,5,F,CM,AS,NA,157,0,NA,157,,
8/17/2023,5,G,BM,AS,NA,115,10,NA,125,,
8/17/2023,5,H,SM,AS,NA,51,0,NA,51,,
8/17/2023,5,I,BM,AS,NA,93,0,NA,93,,
8/17/2023,edge,edge,edge,AS,NA,NA,NA,NA,2108,,
8/17/2023,edge,edge,edge,DB,NA,NA,NA,NA,4513,,
8/17/2023,edge,edge,edge,FC,NA,NA,NA,NA,2559,,
8/21/2023,1,A,SM,AS,NA,151,0,NA,151,,
8/21/2023,1,B,BM,FC,NA,176,68,NA,244,,
8/21/2023,1,C,CM,DB,east,116,0,NA,116,,
8/21/2023,1,C,CM,DB,west,97,0,NA,97,,
8/21/2023,1,D,CM,AS,NA,223,5,NA,228,,
8/21/2023,1,E,CM,FC,NA,244,0,NA,244,,
8/21/2023,1,F,SM,DB,east,236,0,NA,236,,
8/21/2023,1,F,SM,DB,west,256,0,NA,256,,
8/21/2023,1,G,BM,AS,NA,282,13,NA,295,,
8/21/2023,1,H,SM,FC,NA,233,77,NA,310,,
8/21/2023,1,I,BM,DB,east,80,0,NA,80,,
8/21/2023,1,I,BM,DB,west,130,0,NA,130,,
8/21/2023,2,A,CM,FC,NA,110,30,NA,140,,
8/21/2023,2,B,SM,DB,east,90,0,NA,90,,
8/21/2023,2,B,SM,DB,west,530,0,NA,530,,
8/21/2023,2,C,CM,AS,NA,104,0,NA,104,,
8/21/2023,2,D,BM,FC,NA,118,36,NA,154,,
8/21/2023,2,E,BM,DB,east,51,0,NA,51,,
8/21/2023,2,E,BM,DB,west,60,0,NA,60,,
8/21/2023,2,F,BM,AS,NA,117,22,NA,139,,
8/21/2023,2,G,SM,FC,NA,211,73,NA,284,,
8/21/2023,2,H,CM,DB,east,74,0,NA,74,,
8/21/2023,2,H,CM,DB,west,155,0,NA,155,,
8/21/2023,2,I,SM,AS,NA,173,0,NA,173,,
8/21/2023,3,A,BM,DB,east,36,0,NA,36,,
8/21/2023,3,A,BM,DB,west,340,0,NA,340,,
8/21/2023,3,B,CM,FC,NA,150,26,NA,176,,
8/21/2023,3,C,SM,AS,NA,101,0,NA,101,,
8/21/2023,3,D,SM,DB,east,465,0,NA,465,,
8/21/2023,3,D,SM,DB,west,531,0,NA,531,,
8/21/2023,3,E,BM,FC,NA,124,63,NA,187,,
8/21/2023,3,F,BM,AS,NA,112,0,NA,112,,
8/21/2023,3,G,CM,DB,east,299,0,NA,299,,
8/21/2023,3,G,CM,DB,west,53,0,NA,53,,
8/21/2023,3,H,SM,FC,NA,165,42,NA,207,,
8/21/2023,3,I,CM,AS,NA,208,4,NA,212,,
8/21/2023,4,A,SM,FC,NA,121,113,NA,234,,
8/21/2023,4,B,CM,DB,east,426,0,NA,426,,
8/21/2023,4,B,CM,DB,west,126,0,NA,126,,
8/21/2023,4,C,BM,AS,NA,183,0,NA,183,,
8/21/2023,4,D,BM,FC,NA,324,63,NA,387,,
8/21/2023,4,E,BM,DB,east,527,0,NA,527,,
8/21/2023,4,E,BM,DB,west,233,0,NA,233,,
8/21/2023,4,F,SM,AS,NA,206,0,NA,206,,
8/21/2023,4,G,CM,FC,NA,345,40,NA,385,,
8/21/2023,4,H,SM,DB,east,178,0,NA,178,,
8/21/2023,4,H,SM,DB,west,121,0,NA,121,,
8/21/2023,4,I,CM,AS,NA,180,0,NA,180,,
8/21/2023,5,A,CM,AS,NA,241,20,NA,261,,
8/21/2023,5,B,CM,AS,NA,109,0,NA,109,,
8/21/2023,5,C,SM,AS,NA,142,0,NA,142,,
8/21/2023,5,D,SM,AS,NA,131,0,NA,131,,
8/21/2023,5,E,BM,AS,NA,127,0,NA,127,,
8/21/2023,5,F,CM,AS,NA,207,0,NA,207,,
8/21/2023,5,G,BM,AS,NA,150,0,NA,150,,
8/21/2023,5,H,SM,AS,NA,211,0,NA,211,,
8/21/2023,5,I,BM,AS,NA,163,0,NA,163,,
8/21/2023,edge,edge,edge,AS,NA,NA,NA,NA,3773,,
8/21/2023,edge,edge,edge,DB,NA,NA,NA,NA,209,,
8/24/2023,1,A,SM,AS,NA,129,0,NA,129,,
8/24/2023,1,B,BM,FC,NA,196,37,NA,233,,
8/24/2023,1,C,CM,DB,east,120,0,NA,120,,
8/24/2023,1,C,CM,DB,west,233,0,NA,233,,
8/24/2023,1,D,CM,AS,NA,129,5,NA,134,,
8/24/2023,1,E,CM,FC,NA,111,22,NA,133,,
8/24/2023,1,F,SM,DB,east,271,0,NA,271,,
8/24/2023,1,F,SM,DB,west,288,0,NA,288,,
8/24/2023,1,G,BM,AS,NA,136,0,NA,136,,
8/24/2023,1,H,SM,FC,NA,217,33,NA,250,,
8/24/2023,1,I,BM,DB,east,181,0,NA,181,,
8/24/2023,1,I,BM,DB,west,138,0,NA,138,,
8/24/2023,2,A,CM,FC,NA,150,0,NA,150,,
8/24/2023,2,B,SM,DB,east,205,0,NA,205,,
8/24/2023,2,B,SM,DB,west,200,0,NA,200,,
8/24/2023,2,C,CM,AS,NA,65,0,NA,65,,
8/24/2023,2,D,BM,FC,NA,157,14,NA,171,,
8/24/2023,2,E,BM,DB,east,120,0,NA,120,,
8/24/2023,2,E,BM,DB,west,74,0,NA,74,,
8/24/2023,2,F,BM,AS,NA,102,0,NA,102,,
8/24/2023,2,G,SM,FC,NA,161,0,NA,161,,
8/24/2023,2,H,CM,DB,east,66,0,NA,66,,
8/24/2023,2,H,CM,DB,west,138,0,NA,138,,
8/24/2023,2,I,SM,AS,NA,122,0,NA,122,,
8/24/2023,3,A,BM,DB,east,92,0,NA,92,,
8/24/2023,3,A,BM,DB,west,83,0,NA,83,,
8/24/2023,3,B,CM,FC,NA,223,0,NA,223,,
8/24/2023,3,C,SM,AS,NA,74,0,NA,74,,
8/24/2023,3,D,SM,DB,east,269,0,NA,269,,
8/24/2023,3,D,SM,DB,west,259,0,NA,259,,
8/24/2023,3,E,BM,FC,NA,267,20,NA,287,,
8/24/2023,3,F,BM,AS,NA,85,0,NA,85,,
8/24/2023,3,G,CM,DB,east,132,0,NA,132,,
8/24/2023,3,G,CM,DB,west,50,0,NA,50,,
8/24/2023,3,H,SM,FC,NA,331,73,NA,404,,
8/24/2023,3,I,CM,AS,NA,72,16,NA,88,,
8/24/2023,4,A,SM,FC,NA,248,15,NA,263,,
8/24/2023,4,B,CM,DB,east,239,0,NA,239,,
8/24/2023,4,B,CM,DB,west,222,0,NA,222,,
8/24/2023,4,C,BM,AS,NA,86,0,NA,86,,
8/24/2023,4,D,BM,FC,NA,276,42,NA,318,,
8/24/2023,4,E,BM,DB,east,282,0,NA,282,,
8/24/2023,4,E,BM,DB,west,193,0,NA,193,,
8/24/2023,4,F,SM,AS,NA,161,7,NA,168,,
8/24/2023,4,G,CM,FC,NA,511,0,NA,511,,
8/24/2023,4,H,SM,DB,east,181,0,NA,181,,
8/24/2023,4,H,SM,DB,west,103,0,NA,103,,
8/24/2023,4,I,CM,AS,NA,216,0,NA,216,,
8/24/2023,5,A,CM,AS,NA,223,0,NA,223,,
8/24/2023,5,B,CM,AS,NA,75,0,NA,75,,
8/24/2023,5,C,SM,AS,NA,97,0,NA,97,,
8/24/2023,5,D,SM,AS,NA,165,0,NA,165,,
8/24/2023,5,E,BM,AS,NA,180,0,NA,180,,
8/24/2023,5,F,CM,AS,NA,84,0,NA,84,,
8/24/2023,5,G,BM,AS,NA,95,0,NA,95,,
8/24/2023,5,H,SM,AS,NA,149,0,NA,149,,
8/24/2023,5,I,BM,AS,NA,120,7,NA,127,,
8/24/2023,edge,edge,edge,AS,NA,NA,NA,NA,2327,,
8/24/2023,edge,edge,edge,DB,NA,NA,NA,NA,8286,,
8/24/2023,edge,edge,edge,FC,NA,NA,NA,NA,2164,,
8/28/2023,1,A,SM,AS,NA,129,6,NA,135,,
8/28/2023,1,B,BM,FC,NA,301,13,NA,314,,
8/28/2023,1,C,CM,DB,east,256,0,NA,256,,
8/28/2023,1,C,CM,DB,west,296,0,NA,296,,
8/28/2023,1,D,CM,AS,NA,154,0,NA,154,,
8/28/2023,1,E,CM,FC,NA,152,52,NA,204,,
8/28/2023,1,F,SM,DB,east,323,0,NA,323,,
8/28/2023,1,F,SM,DB,west,342,0,NA,342,,
8/28/2023,1,G,BM,AS,NA,169,11,NA,180,,
8/28/2023,1,H,SM,FC,NA,165,54,NA,219,,
8/28/2023,1,I,BM,DB,east,173,0,NA,173,,
8/28/2023,1,I,BM,DB,west,97,0,NA,97,,
8/28/2023,2,A,CM,FC,NA,170,15,NA,185,,
8/28/2023,2,B,SM,DB,east,300,0,NA,300,,
8/28/2023,2,B,SM,DB,west,491,0,NA,491,,
8/28/2023,2,C,CM,AS,NA,42,0,NA,42,,
8/28/2023,2,D,BM,FC,NA,190,35,NA,225,,
8/28/2023,2,E,BM,DB,east,153,0,NA,153,,
8/28/2023,2,E,BM,DB,west,285,0,NA,285,,
8/28/2023,2,F,BM,AS,NA,105,0,NA,105,,
8/28/2023,2,G,SM,FC,NA,261,13,NA,274,,
8/28/2023,2,H,CM,DB,east,219,0,NA,219,,
8/28/2023,2,H,CM,DB,west,286,0,NA,286,,
8/28/2023,2,I,SM,AS,NA,154,0,NA,154,,
8/28/2023,3,A,BM,DB,east,135,0,NA,135,,
8/28/2023,3,A,BM,DB,west,338,0,NA,338,,
8/28/2023,3,B,CM,FC,NA,240,0,NA,240,,
8/28/2023,3,C,SM,AS,NA,95,0,NA,95,,
8/28/2023,3,D,SM,DB,east,359,0,NA,359,,
8/28/2023,3,D,SM,DB,west,423,0,NA,423,,
8/28/2023,3,E,BM,FC,NA,328,0,NA,328,,
8/28/2023,3,F,BM,AS,NA,75,0,NA,75,,
8/28/2023,3,G,CM,DB,east,358,0,NA,358,,
8/28/2023,3,G,CM,DB,west,173,0,NA,173,,
8/28/2023,3,H,SM,FC,NA,268,0,NA,268,,
8/28/2023,3,I,CM,AS,NA,103,0,NA,103,,
8/28/2023,4,A,SM,FC,NA,138,0,NA,138,,
8/28/2023,4,B,CM,DB,east,236,0,NA,236,,
8/28/2023,4,B,CM,DB,west,316,0,NA,316,,
8/28/2023,4,C,BM,AS,NA,97,0,NA,97,,
8/28/2023,4,D,BM,FC,NA,434,0,NA,434,,
8/28/2023,4,E,BM,DB,east,510,0,NA,510,,
8/28/2023,4,E,BM,DB,west,357,0,NA,357,,
8/28/2023,4,F,SM,AS,NA,220,0,NA,220,,
8/28/2023,4,G,CM,FC,NA,596,0,NA,596,,
8/28/2023,4,H,SM,DB,east,253,0,NA,253,,
8/28/2023,4,H,SM,DB,west,321,0,NA,321,,
8/28/2023,4,I,CM,AS,NA,269,0,NA,269,,
8/28/2023,5,A,CM,AS,NA,303,0,NA,303,,
8/28/2023,5,B,CM,AS,NA,155,0,NA,155,,
8/28/2023,5,C,SM,AS,NA,208,0,NA,208,,
8/28/2023,5,D,SM,AS,NA,262,0,NA,262,,
8/28/2023,5,E,BM,AS,NA,196,0,NA,196,,
8/28/2023,5,F,CM,AS,NA,293,0,NA,293,,
8/28/2023,5,G,BM,AS,NA,39,0,NA,39,,
8/28/2023,5,H,SM,AS,NA,248,0,NA,248,,
8/28/2023,5,I,BM,AS,NA,109,0,NA,109,,
8/28/2023,edge,edge,edge,AS,NA,NA,NA,NA,3801,,
8/28/2023,edge,edge,edge,DB,NA,NA,NA,NA,7441,,
8/28/2023,edge,edge,edge,FC,NA,NA,NA,NA,4151,,
8/31/2023,1,A,SM,AS,NA,147,2,NA,149,,
8/31/2023,1,B,BM,FC,NA,237,35,NA,272,,
8/31/2023,1,C,CM,DB,east,150,0,NA,150,,
8/31/2023,1,C,CM,DB,west,262,0,NA,262,,
8/31/2023,1,D,CM,AS,NA,175,0,NA,175,,
8/31/2023,1,E,CM,FC,NA,267,16,NA,283,,
8/31/2023,1,F,SM,DB,east,165,0,NA,165,,
8/31/2023,1,F,SM,DB,west,235,0,NA,235,,
8/31/2023,1,G,BM,AS,NA,138,0,NA,138,,
8/31/2023,1,H,SM,FC,NA,138,53,NA,191,,
8/31/2023,1,I,BM,DB,east,226,0,NA,226,,
8/31/2023,1,I,BM,DB,west,53,0,NA,53,,
8/31/2023,2,A,CM,FC,NA,174,13,NA,187,,
8/31/2023,2,B,SM,DB,east,270,0,NA,270,,
8/31/2023,2,B,SM,DB,west,212,0,NA,212,,
8/31/2023,2,C,CM,AS,NA,88,0,NA,88,,
8/31/2023,2,D,BM,FC,NA,168,29,NA,197,,
8/31/2023,2,E,BM,DB,east,188,0,NA,188,,
8/31/2023,2,E,BM,DB,west,192,0,NA,192,,
8/31/2023,2,F,BM,AS,NA,188,0,NA,188,,
8/31/2023,2,G,SM,FC,NA,180,42,NA,222,,
8/31/2023,2,H,CM,DB,east,156,0,NA,156,,
8/31/2023,2,H,CM,DB,west,85,0,NA,85,,
8/31/2023,2,I,SM,AS,NA,130,0,NA,130,,
8/31/2023,3,A,BM,DB,east,192,0,NA,192,,
8/31/2023,3,A,BM,DB,west,140,0,NA,140,,
8/31/2023,3,B,CM,FC,NA,357,15,NA,372,,
8/31/2023,3,C,SM,AS,NA,132,0,NA,132,,
8/31/2023,3,D,SM,DB,east,158,0,NA,158,,
8/31/2023,3,D,SM,DB,west,78,0,NA,78,,
8/31/2023,3,E,BM,FC,NA,262,55,NA,317,,
8/31/2023,3,F,BM,AS,NA,137,0,NA,137,,
8/31/2023,3,G,CM,DB,east,96,0,NA,96,,
8/31/2023,3,G,CM,DB,west,141,0,NA,141,,
8/31/2023,3,H,SM,FC,NA,331,18,NA,349,,
8/31/2023,3,I,CM,AS,NA,165,2,NA,167,,
8/31/2023,4,A,SM,FC,NA,193,17,NA,210,,
8/31/2023,4,B,CM,DB,east,61,0,NA,61,,
8/31/2023,4,B,CM,DB,west,117,0,NA,117,,
8/31/2023,4,C,BM,AS,NA,183,0,NA,183,,
8/31/2023,4,D,BM,FC,NA,265,74,NA,339,,
8/31/2023,4,E,BM,DB,east,207,0,NA,207,,
8/31/2023,4,E,BM,DB,west,117,0,NA,117,,
8/31/2023,4,F,SM,AS,NA,179,0,NA,179,,
8/31/2023,4,G,CM,FC,NA,438,41,NA,479,,
8/31/2023,4,H,SM,DB,east,134,0,NA,134,,
8/31/2023,4,H,SM,DB,west,188,0,NA,188,,
8/31/2023,4,I,CM,AS,NA,339,0,NA,339,,
8/31/2023,5,A,CM,AS,NA,124,0,NA,124,,
8/31/2023,5,B,CM,AS,NA,372,0,NA,372,,
8/31/2023,5,C,SM,AS,NA,301,0,NA,301,,
8/31/2023,5,D,SM,AS,NA,271,0,NA,271,,
8/31/2023,5,E,BM,AS,NA,161,0,NA,161,,
8/31/2023,5,F,CM,AS,NA,190,0,NA,190,,
8/31/2023,5,G,BM,AS,NA,186,0,NA,186,,
8/31/2023,5,H,SM,AS,NA,228,0,NA,228,,
8/31/2023,5,I,BM,AS,NA,143,0,NA,143,,
8/31/2023,edge,edge,edge,AS,NA,NA,NA,NA,4404,,
8/31/2023,edge,edge,edge,DB,NA,NA,NA,NA,6192,,
8/31/2023,edge,edge,edge,FC,NA,NA,NA,NA,4338,,
9/5/2023,1,A,SM,AS,NA,255,0,NA,255,,
9/5/2023,1,B,BM,FC,NA,0,0,NA,0,,
9/5/2023,1,C,CM,DB,east,0,0,NA,0,,
9/5/2023,1,C,CM,DB,west,0,0,NA,0,,
9/5/2023,1,D,CM,AS,NA,217,0,NA,217,,
9/5/2023,1,E,CM,FC,NA,0,0,NA,0,,
9/5/2023,1,F,SM,DB,west,0,0,NA,0,,
9/5/2023,1,F,SM,DB,east,0,0,NA,0,,
9/5/2023,1,G,BM,AS,NA,173,0,NA,173,,
9/5/2023,1,H,SM,FC,NA,0,0,NA,0,,
9/5/2023,1,I,BM,DB,west,0,0,NA,0,,
9/5/2023,1,I,BM,DB,east,0,0,NA,0,,
9/5/2023,2,A,CM,FC,NA,0,0,NA,0,,
9/5/2023,2,B,SM,DB,east,0,0,NA,0,,
9/5/2023,2,B,SM,DB,west,0,0,NA,0,,
9/5/2023,2,C,CM,AS,NA,60,0,NA,60,,
9/5/2023,2,D,BM,FC,NA,0,0,NA,0,,
9/5/2023,2,E,BM,DB,east,0,0,NA,0,,
9/5/2023,2,E,BM,DB,west,0,0,NA,0,,
9/5/2023,2,F,BM,AS,NA,172,0,NA,172,,
9/5/2023,2,G,SM,FC,NA,0,0,NA,0,,
9/5/2023,2,H,CM,DB,east,0,0,NA,0,,
9/5/2023,2,H,CM,DB,west,0,0,NA,0,,
9/5/2023,2,I,SM,AS,NA,439,0,NA,439,,
9/5/2023,3,A,BM,DB,east,0,0,NA,0,,
9/5/2023,3,A,BM,DB,west,0,0,NA,0,,
9/5/2023,3,B,CM,FC,NA,0,0,NA,0,,
9/5/2023,3,C,SM,AS,NA,286,8,NA,294,,
9/5/2023,3,D,SM,DB,east,0,0,NA,0,,
9/5/2023,3,D,SM,DB,west,0,0,NA,0,,
9/5/2023,3,E,BM,FC,NA,0,0,NA,0,,
9/5/2023,3,F,BM,AS,NA,261,1,NA,262,,
9/5/2023,3,G,CM,DB,east,0,0,NA,0,,
9/5/2023,3,G,CM,DB,west,0,0,NA,0,,
9/5/2023,3,H,SM,FC,NA,0,0,NA,0,,
9/5/2023,3,I,CM,AS,NA,224,23,NA,247,,
9/5/2023,4,A,SM,FC,NA,0,0,NA,0,,
9/5/2023,4,B,CM,DB,east,0,0,NA,0,,
9/5/2023,4,B,CM,DB,west,0,0,NA,0,,
9/5/2023,4,C,BM,AS,NA,109,0,NA,109,,
9/5/2023,4,D,BM,FC,NA,0,0,NA,0,,
9/5/2023,4,E,BM,DB,east,0,0,NA,0,,
9/5/2023,4,E,BM,DB,west,0,0,NA,0,,
9/5/2023,4,F,SM,AS,NA,398,0,NA,398,,
9/5/2023,4,G,CM,FC,NA,0,0,NA,0,,
9/5/2023,4,H,SM,DB,east,0,0,NA,0,,
9/5/2023,4,H,SM,DB,west,0,0,NA,0,,
9/5/2023,4,I,CM,AS,NA,585,0,NA,585,,
9/5/2023,5,A,CM,AS,NA,478,0,NA,478,,
9/5/2023,5,B,CM,AS,NA,250,3,NA,253,,
9/5/2023,5,C,SM,AS,NA,319,0,NA,319,,
9/5/2023,5,D,SM,AS,NA,373,20,NA,393,,
9/5/2023,5,E,BM,AS,NA,147,0,NA,147,,
9/5/2023,5,F,CM,AS,NA,269,0,NA,269,,
9/5/2023,5,G,BM,AS,NA,149,0,NA,149,,
9/5/2023,5,H,SM,AS,NA,306,0,NA,306,,
9/5/2023,5,I,BM,AS,NA,197,8,NA,205,,
9/5/2023,edge,edge,edge,AS,NA,NA,NA,NA,5806,,
9/7/2023,1,A,SM,AS,NA,35,0,NA,35,,
9/7/2023,1,B,BM,FC,NA,194,90,NA,284,,
9/7/2023,1,C,CM,DB,east,296,0,NA,296,,
9/7/2023,1,C,CM,DB,west,513,0,NA,513,,
9/7/2023,1,D,CM,AS,NA,34,0,NA,34,,
9/7/2023,1,E,CM,FC,NA,162,108,NA,270,,
9/7/2023,1,F,SM,DB,east,509,0,NA,509,,
9/7/2023,1,F,SM,DB,west,422,0,NA,422,,
9/7/2023,1,G,BM,AS,NA,3,10,NA,13,,
9/7/2023,1,H,SM,FC,NA,260,15,NA,275,,
9/7/2023,1,I,BM,DB,east,226,0,NA,226,,
9/7/2023,1,I,BM,DB,west,487,0,NA,487,,
9/7/2023,2,A,CM,FC,NA,230,35,NA,265,,
9/7/2023,2,B,SM,DB,east,667,0,NA,667,,
9/7/2023,2,B,SM,DB,west,347,0,NA,347,,
9/7/2023,2,C,CM,AS,NA,19,0,NA,19,,
9/7/2023,2,D,BM,FC,NA,176,86,NA,262,,
9/7/2023,2,E,BM,DB,east,561,0,NA,561,,
9/7/2023,2,E,BM,DB,west,339,0,NA,339,,
9/7/2023,2,F,BM,AS,NA,58,0,NA,58,,
9/7/2023,2,G,SM,FC,NA,224,48,NA,272,,
9/7/2023,2,H,CM,DB,east,747,0,NA,747,,
9/7/2023,2,H,CM,DB,west,533,0,NA,533,,
9/7/2023,2,I,SM,AS,NA,94,6,NA,100,,
9/7/2023,3,A,BM,DB,east,512,0,NA,512,,
9/7/2023,3,A,BM,DB,west,332,0,NA,332,,
9/7/2023,3,B,CM,FC,NA,350,34,NA,384,,
9/7/2023,3,C,SM,AS,NA,79,0,NA,79,,
9/7/2023,3,D,SM,DB,east,352,0,NA,352,,
9/7/2023,3,D,SM,DB,west,303,0,NA,303,,
9/7/2023,3,E,BM,FC,NA,411,63,NA,474,,
9/7/2023,3,F,BM,AS,NA,25,0,NA,25,,
9/7/2023,3,G,CM,DB,east,447,0,NA,447,,
9/7/2023,3,G,CM,DB,west,473,0,NA,473,,
9/7/2023,3,H,SM,FC,NA,430,58,NA,488,,
9/7/2023,3,I,CM,AS,NA,115,0,NA,115,,
9/7/2023,4,A,SM,FC,NA,73,43,NA,116,,
9/7/2023,4,B,CM,DB,east,190,0,NA,190,,
9/7/2023,4,B,CM,DB,west,404,0,NA,404,,
9/7/2023,4,C,BM,AS,NA,22,0,NA,22,,
9/7/2023,4,D,BM,FC,NA,419,18,NA,437,,
9/7/2023,4,E,BM,DB,east,537,0,NA,537,,
9/7/2023,4,E,BM,DB,west,213,0,NA,213,,
9/7/2023,4,F,SM,AS,NA,102,0,NA,102,,
9/7/2023,4,G,CM,FC,NA,583,83,NA,666,,
9/7/2023,4,H,SM,DB,east,535,0,NA,535,,
9/7/2023,4,H,SM,DB,west,438,0,NA,438,,
9/7/2023,4,I,CM,AS,NA,112,0,NA,112,,
9/7/2023,5,A,CM,AS,NA,28,0,NA,28,,
9/7/2023,5,B,CM,AS,NA,16,0,NA,16,,
9/7/2023,5,C,SM,AS,NA,77,0,NA,77,,
9/7/2023,5,D,SM,AS,NA,54,0,NA,54,,
9/7/2023,5,E,BM,AS,NA,65,0,NA,65,,
9/7/2023,5,F,CM,AS,NA,30,0,NA,30,,
9/7/2023,5,G,BM,AS,NA,11,0,NA,11,,
9/7/2023,5,H,SM,AS,NA,70,0,NA,70,,
9/7/2023,5,I,BM,AS,NA,25,0,NA,25,,
9/11/2023,1,A,SM,AS,NA,107,6,NA,113,,
9/11/2023,1,B,BM,FC,NA,307,30,NA,337,,
9/11/2023,1,C,CM,DB,east,51,0,NA,51,,
9/11/2023,1,C,CM,DB,west,123,0,NA,123,,
9/11/2023,1,D,CM,AS,NA,65,0,NA,65,,
9/11/2023,1,E,CM,FC,NA,165,35,NA,200,,
9/11/2023,1,F,SM,DB,east,137,0,NA,137,,
9/11/2023,1,F,SM,DB,west,79,0,NA,79,,
9/11/2023,1,G,BM,AS,NA,31,5,NA,36,,
9/11/2023,1,H,SM,FC,NA,117,144,NA,261,,
9/11/2023,1,I,BM,DB,east,39,0,NA,39,,
9/11/2023,1,I,BM,DB,west,120,0,NA,120,,
9/11/2023,2,A,CM,FC,NA,181,73,NA,254,,
9/11/2023,2,B,SM,DB,east,97,0,NA,97,,
9/11/2023,2,B,SM,DB,west,93,0,NA,93,,
9/11/2023,2,C,CM,AS,NA,59,1,NA,60,,
9/11/2023,2,D,BM,FC,NA,126,75,NA,201,,
9/11/2023,2,E,BM,DB,east,67,0,NA,67,,
9/11/2023,2,E,BM,DB,west,82,0,NA,82,,
9/11/2023,2,F,BM,AS,NA,90,10,NA,100,,
9/11/2023,2,G,SM,FC,NA,280,74,NA,354,,
9/11/2023,2,H,CM,DB,east,66,0,NA,66,,
9/11/2023,2,H,CM,DB,west,194,0,NA,194,,
9/11/2023,2,I,SM,AS,NA,130,0,NA,130,,
9/11/2023,3,A,BM,DB,east,43,0,NA,43,,
9/11/2023,3,A,BM,DB,west,80,0,NA,80,,
9/11/2023,3,B,CM,FC,NA,31,40,NA,71,,
9/11/2023,3,C,SM,AS,NA,166,1,NA,167,,
9/11/2023,3,D,SM,DB,east,33,0,NA,33,,
9/11/2023,3,D,SM,DB,west,74,0,NA,74,,
9/11/2023,3,E,BM,FC,NA,78,54,NA,132,,
9/11/2023,3,F,BM,AS,NA,78,0,NA,78,,
9/11/2023,3,G,CM,DB,east,58,0,NA,58,,
9/11/2023,3,G,CM,DB,west,53,0,NA,53,,
9/11/2023,3,H,SM,FC,NA,164,0,NA,164,,
9/11/2023,3,I,CM,AS,NA,51,0,NA,51,,
9/11/2023,4,A,SM,FC,NA,72,57,NA,129,,
9/11/2023,4,B,CM,DB,east,31,0,NA,31,,
9/11/2023,4,B,CM,DB,west,77,0,NA,77,,
9/11/2023,4,C,BM,AS,NA,9,0,NA,9,,
9/11/2023,4,D,BM,FC,NA,65,112,NA,177,,
9/11/2023,4,E,BM,DB,east,73,0,NA,73,,
9/11/2023,4,E,BM,DB,west,103,0,NA,103,,
9/11/2023,4,F,SM,AS,NA,102,0,NA,102,,
9/11/2023,4,G,CM,FC,NA,122,0,NA,122,,
9/11/2023,4,H,SM,DB,east,137,0,NA,137,,
9/11/2023,4,H,SM,DB,west,83,0,NA,83,,
9/11/2023,4,I,CM,AS,NA,136,0,NA,136,,
9/11/2023,5,A,CM,AS,NA,53,6,NA,59,,
9/11/2023,5,B,CM,AS,NA,49,0,NA,49,,
9/11/2023,5,C,SM,AS,NA,155,0,NA,155,,
9/11/2023,5,D,SM,AS,NA,117,0,NA,117,,
9/11/2023,5,E,BM,AS,NA,29,0,NA,29,,
9/11/2023,5,F,CM,AS,NA,107,0,NA,107,,
9/11/2023,5,G,BM,AS,NA,73,4,NA,77,,
9/11/2023,5,H,SM,AS,NA,190,9,NA,199,,
9/11/2023,5,I,BM,AS,NA,95,0,NA,95,,
9/11/2023,edge,edge,edge,AS,NA,NA,NA,NA,3038,,
9/14/2023,1,A,SM,AS,NA,35,0,NA,35,,
9/14/2023,1,B,BM,FC,NA,20,100,NA,120,,
9/14/2023,1,C,CM,DB,east,18,0,NA,18,,
9/14/2023,1,C,CM,DB,west,29,0,NA,29,,
9/14/2023,1,D,CM,AS,NA,19,0,NA,19,,
9/14/2023,1,E,CM,FC,NA,57,39,NA,96,,
9/14/2023,1,F,SM,DB,east,15,0,NA,15,,
9/14/2023,1,F,SM,DB,west,37,0,NA,37,,
9/14/2023,1,G,BM,AS,NA,12,2,NA,14,,
9/14/2023,1,H,SM,FC,NA,52,49,NA,101,,
9/14/2023,1,I,BM,DB,east,8,0,NA,8,,
9/14/2023,1,I,BM,DB,west,34,0,NA,34,,
9/14/2023,2,A,CM,FC,NA,139,15,NA,154,,
9/14/2023,2,B,SM,DB,east,25,0,NA,25,,
9/14/2023,2,B,SM,DB,west,16,0,NA,16,,
9/14/2023,2,C,CM,AS,NA,20,0,NA,20,,
9/14/2023,2,D,BM,FC,NA,33,16,NA,49,,
9/14/2023,2,E,BM,DB,east,53,0,NA,53,,
9/14/2023,2,E,BM,DB,west,45,0,NA,45,,
9/14/2023,2,F,BM,AS,NA,19,0,NA,19,,
9/14/2023,2,G,SM,FC,NA,110,29,NA,139,,
9/14/2023,2,H,CM,DB,east,31,0,NA,31,,
9/14/2023,2,H,CM,DB,west,19,0,NA,19,,
9/14/2023,2,I,SM,AS,NA,56,0,NA,56,,
9/14/2023,3,A,BM,DB,east,141,0,NA,141,,
9/14/2023,3,A,BM,DB,west,68,0,NA,68,,
9/14/2023,3,B,CM,FC,NA,92,73,NA,165,,
9/14/2023,3,C,SM,AS,NA,22,0,NA,22,,
9/14/2023,3,D,SM,DB,east,32,0,NA,32,,
9/14/2023,3,D,SM,DB,west,45,0,NA,45,,
9/14/2023,3,E,BM,FC,NA,99,62,NA,161,,
9/14/2023,3,F,BM,AS,NA,16,0,NA,16,,
9/14/2023,3,G,CM,DB,east,10,0,NA,10,,
9/14/2023,3,G,CM,DB,west,41,0,NA,41,,
9/14/2023,3,H,SM,FC,NA,56,99,NA,155,,
9/14/2023,3,I,CM,AS,NA,27,0,NA,27,,
9/14/2023,4,A,SM,FC,NA,58,30,NA,88,,
9/14/2023,4,B,CM,DB,east,3,0,NA,3,,
9/14/2023,4,B,CM,DB,west,37,0,NA,37,,
9/14/2023,4,C,BM,AS,NA,18,0,NA,18,,
9/14/2023,4,D,BM,FC,NA,73,121,NA,194,,
9/14/2023,4,E,BM,DB,east,22,0,NA,22,,
9/14/2023,4,E,BM,DB,west,13,0,NA,13,,
9/14/2023,4,F,SM,AS,NA,28,0,NA,28,,
9/14/2023,4,G,CM,FC,NA,135,84,NA,219,,
9/14/2023,4,H,SM,DB,east,26,0,NA,26,,
9/14/2023,4,H,SM,DB,west,25,0,NA,25,,
9/14/2023,4,I,CM,AS,NA,94,0,NA,94,,
9/14/2023,5,A,CM,AS,NA,9,0,NA,9,,
9/14/2023,5,B,CM,AS,NA,14,0,NA,14,,
9/14/2023,5,C,SM,AS,NA,67,0,NA,67,,
9/14/2023,5,D,SM,AS,NA,56,5,NA,61,,
9/14/2023,5,E,BM,AS,NA,17,0,NA,17,,
9/14/2023,5,F,CM,AS,NA,18,0,NA,18,,
9/14/2023,5,G,BM,AS,NA,27,0,NA,27,,
9/14/2023,5,H,SM,AS,NA,24,0,NA,24,,
9/14/2023,5,I,BM,AS,NA,17,0,NA,17,,
9/14/2023,edge,edge,edge,AS,NA,NA,NA,NA,677,,
9/14/2023,edge,edge,edge,FC,NA,NA,NA,NA,3900,,B1&B2 only
9/18/2023,1,A,SM,AS,NA,130,2,NA,132,,
9/18/2023,1,B,BM,FC,NA,184,284,NA,468,,
9/18/2023,1,C,CM,DB,east,119,0,NA,119,,
9/18/2023,1,C,CM,DB,west,103,0,NA,103,,
9/18/2023,1,D,CM,AS,NA,34,1,NA,35,,
9/18/2023,1,E,CM,FC,NA,192,224,NA,416,,
9/18/2023,1,F,SM,DB,east,149,0,NA,149,,
9/18/2023,1,F,SM,DB,west,110,0,NA,110,,
9/18/2023,1,G,BM,AS,NA,32,1,NA,33,,
9/18/2023,1,H,SM,FC,NA,125,153,NA,278,,
9/18/2023,1,I,BM,DB,east,82,0,NA,82,,
9/18/2023,1,I,BM,DB,west,116,0,NA,116,,
9/18/2023,2,A,CM,FC,NA,249,190,NA,439,,
9/18/2023,2,B,SM,DB,east,139,0,NA,139,,
9/18/2023,2,B,SM,DB,west,122,0,NA,122,,
9/18/2023,2,C,CM,AS,NA,49,0,NA,49,,
9/18/2023,2,D,BM,FC,NA,242,238,NA,480,,
9/18/2023,2,E,BM,DB,east,126,0,NA,126,,
9/18/2023,2,E,BM,DB,west,109,0,NA,109,,
9/18/2023,2,F,BM,AS,NA,65,0,NA,65,,
9/18/2023,2,G,SM,FC,NA,135,301,NA,436,,
9/18/2023,2,H,CM,DB,east,183,0,NA,183,,
9/18/2023,2,H,CM,DB,west,175,0,NA,175,,
9/18/2023,2,I,SM,AS,NA,69,0,NA,69,,
9/18/2023,3,A,BM,DB,east,117,0,NA,117,,
9/18/2023,3,A,BM,DB,west,135,0,NA,135,,
9/18/2023,3,B,CM,FC,NA,181,432,NA,613,,
9/18/2023,3,C,SM,AS,NA,74,0,NA,74,,
9/18/2023,3,D,SM,DB,east,114,0,NA,114,,"data not provided, based on order of the rest of the data sheet"
9/18/2023,3,D,SM,DB,west,139,0,NA,139,,"data not provided, based on order of the rest of the data sheet"
9/18/2023,3,E,BM,FC,NA,153,420,NA,573,,
9/18/2023,3,F,BM,AS,NA,45,0,NA,45,,
9/18/2023,3,G,CM,DB,east,173,0,NA,173,,
9/18/2023,3,G,CM,DB,west,108,0,NA,108,,
9/18/2023,3,H,SM,FC,NA,154,268,NA,422,,
9/18/2023,3,I,CM,AS,NA,54,0,NA,54,,
9/18/2023,4,A,SM,FC,NA,267,90,NA,357,,
9/18/2023,4,B,CM,DB,east,30,0,NA,30,,
9/18/2023,4,B,CM,DB,west,115,0,NA,115,,
9/18/2023,4,C,BM,AS,NA,15,0,NA,15,,
9/18/2023,4,D,SM,FC,NA,263,116,NA,379,,
9/18/2023,4,E,BM,DB,east,62,0,NA,62,,
9/18/2023,4,E,BM,DB,west,104,0,NA,104,,
9/18/2023,4,F,SM,AS,NA,119,11,NA,130,,
9/18/2023,4,G,BM,FC,NA,396,59,NA,455,,
9/18/2023,4,H,SM,DB,east,212,0,NA,212,,
9/18/2023,4,H,SM,DB,west,94,0,NA,94,,
9/18/2023,4,I,CM,AS,NA,159,0,NA,159,,
9/18/2023,5,A,CM,AS,NA,70,2,NA,72,,
9/18/2023,5,B,CM,AS,NA,55,4,NA,59,,
9/18/2023,5,C,SM,AS,NA,98,0,NA,98,,
9/18/2023,5,D,SM,AS,NA,64,1,NA,65,,
9/18/2023,5,E,BM,AS,NA,46,0,NA,46,,
9/18/2023,5,F,CM,AS,NA,30,1,NA,31,,
9/18/2023,5,G,BM,AS,NA,45,0,NA,45,,
9/18/2023,5,H,SM,AS,NA,183,0,NA,183,,
9/18/2023,5,I,BM,AS,NA,45,0,NA,45,,
9/18/2023,edge,edge,edge,AS,NA,NA,NA,NA,1632,,
9/21/2023,edge,edge,edge,FC,NA,NA,NA,NA,8220,,
9/26/2023,1,A,SM,AS,NA,214,63,NA,277,,
9/26/2023,1,B,BM,FC,NA,68,32,NA,100,,
9/26/2023,1,C,CM,DB,east,345,0,NA,345,,
9/26/2023,1,C,CM,DB,west,502,0,NA,502,,
9/26/2023,1,D,CM,AS,NA,0,103,NA,103,,
9/26/2023,1,E,CM,FC,NA,0,115,NA,115,,
9/26/2023,1,F,SM,DB,east,344,0,NA,344,,
9/26/2023,1,F,SM,DB,west,616,0,NA,616,,
9/26/2023,1,G,BM,AS,NA,0,108,NA,108,,
9/26/2023,1,H,SM,FC,NA,0,212,NA,212,,
9/26/2023,1,I,BM,DB,east,385,0,NA,385,,
9/26/2023,1,I,BM,DB,west,509,0,NA,509,,
9/26/2023,2,A,CM,FC,NA,13,41,NA,54,,
9/26/2023,2,B,SM,DB,east,446,0,NA,446,,
9/26/2023,2,B,SM,DB,west,621,0,NA,621,,
9/26/2023,2,C,CM,AS,NA,20,88,NA,108,,
9/26/2023,2,D,BM,FC,NA,23,109,NA,132,,
9/26/2023,2,E,BM,DB,east,496,0,NA,496,,
9/26/2023,2,E,BM,DB,west,534,0,NA,534,,
9/26/2023,2,F,BM,AS,NA,172,28,NA,200,,
9/26/2023,2,G,SM,FC,NA,81,67,NA,148,,
9/26/2023,2,H,CM,DB,east,581,0,NA,581,,
9/26/2023,2,H,CM,DB,west,494,0,NA,494,,
9/26/2023,2,I,SM,AS,NA,126,179,NA,305,,
9/26/2023,3,A,BM,DB,west,195,0,NA,195,,
9/26/2023,3,A,BM,DB,east,340,0,NA,340,,
9/26/2023,3,B,CM,FC,NA,63,43,NA,106,,
9/26/2023,3,C,SM,AS,NA,288,175,NA,463,,
9/26/2023,3,D,SM,DB,east,405,0,NA,405,,
9/26/2023,3,D,SM,DB,west,337,0,NA,337,,
9/26/2023,3,E,BM,FC,NA,70,41,NA,111,,
9/26/2023,3,F,BM,AS,NA,52,203,NA,255,,
9/26/2023,3,G,CM,DB,east,206,0,NA,206,,
9/26/2023,3,G,CM,DB,west,198,0,NA,198,,
9/26/2023,3,H,SM,FC,NA,45,142,NA,187,,
9/26/2023,3,I,CM,AS,NA,112,87,NA,199,,
9/26/2023,4,A,SM,FC,NA,79,190,NA,269,,
9/26/2023,4,B,CM,DB,east,430,0,NA,430,,
9/26/2023,4,B,CM,DB,west,322,0,NA,322,,
9/26/2023,4,C,BM,AS,NA,80,0,NA,80,,
9/26/2023,4,D,BM,FC,NA,122,197,NA,319,,
9/26/2023,4,E,BM,DB,east,457,0,NA,457,,
9/26/2023,4,E,BM,DB,west,516,0,NA,516,,
9/26/2023,4,F,SM,AS,NA,108,40,NA,148,,
9/26/2023,4,G,CM,FC,NA,208,235,NA,443,,
9/26/2023,4,H,SM,DB,east,330,0,NA,330,,
9/26/2023,4,H,SM,DB,west,252,0,NA,252,,
9/26/2023,4,I,CM,AS,NA,379,37,NA,416,,
9/26/2023,5,A,CM,AS,NA,53,80,NA,133,,
9/26/2023,5,B,CM,AS,NA,66,115,NA,181,,
9/26/2023,5,C,BM,AS,NA,27,199,NA,226,,
9/26/2023,5,D,SM,AS,NA,83,185,NA,268,,
9/26/2023,5,E,BM,AS,NA,19,85,NA,104,,
9/26/2023,5,F,CM,AS,NA,113,223,NA,336,,
9/26/2023,5,G,BM,AS,NA,0,81,NA,81,,
9/26/2023,5,H,SM,AS,NA,0,80,NA,80,,
9/26/2023,5,I,BM,AS,NA,0,140,NA,140,,
9/26/2023,edge,edge,edge,AS,NA,NA,NA,NA,2361,,
9/26/2023,edge,edge,edge,FC,NA,NA,NA,NA,5866,,
9/28/2023,1,A,SM,AS,NA,89,0,93,182,,
9/28/2023,1,B,BM,FC,NA,243,128,310,681,,
9/28/2023,1,C,CM,DB,east,50,0,125,175,,
9/28/2023,1,C,CM,DB,west,11,0,99,110,,
9/28/2023,1,D,CM,AS,NA,0,0,0,0,,
9/28/2023,1,E,CM,FC,NA,601,31,315,947,,
9/28/2023,1,F,SM,DB,east,32,0,107,139,,
9/28/2023,1,F,SM,DB,west,33,0,118,151,,
9/28/2023,1,G,BM,AS,NA,0,5,19,24,,
9/28/2023,1,H,SM,FC,NA,449,70,304,823,,
9/28/2023,1,I,BM,DB,east,17,0,80,97,,
9/28/2023,1,I,BM,DB,west,15,0,127,142,,
9/28/2023,2,A,CM,FC,NA,83,168,282,533,,
9/28/2023,2,B,SM,DB,east,20,0,58,78,,
9/28/2023,2,B,SM,DB,west,90,0,89,179,,
9/28/2023,2,C,CM,AS,NA,0,0,54,54,,
9/28/2023,2,D,BM,FC,NA,0,117,353,470,,
9/28/2023,2,E,BM,DB,east,6,0,118,124,,
9/28/2023,2,E,BM,DB,west,3,0,82,85,,
9/28/2023,2,F,BM,AS,NA,10,0,78,88,,
9/28/2023,2,G,SM,FC,NA,288,44,202,534,,
9/28/2023,2,H,CM,DB,east,36,0,76,112,,
9/28/2023,2,H,CM,DB,west,29,0,72,101,,
9/28/2023,2,I,SM,AS,NA,40,46,56,142,,
9/28/2023,3,A,BM,DB,east,137,0,163,300,,
9/28/2023,3,A,BM,DB,west,70,0,165,235,,
9/28/2023,3,B,CM,FC,NA,218,91,178,487,,
9/28/2023,3,C,SM,AS,NA,52,6,72,130,,
9/28/2023,3,D,SM,DB,east,163,0,199,362,,
9/28/2023,3,D,SM,DB,west,240,0,140,380,,
9/28/2023,3,E,BM,FC,NA,175,43,173,391,,
9/28/2023,3,F,BM,AS,NA,20,0,16,36,,
9/28/2023,3,G,CM,DB,east,111,0,185,296,,
9/28/2023,3,G,CM,DB,west,120,0,210,330,,
9/28/2023,3,H,SM,FC,NA,103,86,255,444,,
9/28/2023,3,I,CM,AS,NA,24,23,53,100,,
9/28/2023,4,A,SM,FC,NA,242,108,120,470,,
9/28/2023,4,B,CM,DB,east,6,0,73,79,,
9/28/2023,4,B,CM,DB,west,28,0,92,120,,
9/28/2023,4,C,BM,AS,NA,45,0,57,102,,
9/28/2023,4,D,BM,FC,NA,245,210,360,815,,
9/28/2023,4,E,BM,DB,east,42,0,138,180,,
9/28/2023,4,E,BM,DB,west,0,0,84,84,,
9/28/2023,4,F,SM,AS,NA,50,0,116,166,,
9/28/2023,4,G,CM,FC,NA,400,157,191,748,,
9/28/2023,4,H,SM,DB,east,23,0,111,134,,
9/28/2023,4,H,SM,DB,west,0,0,77,77,,
9/28/2023,4,I,CM,AS,NA,15,0,105,120,,
9/28/2023,5,A,CM,AS,NA,21,3,31,55,,
9/28/2023,5,B,CM,AS,NA,38,0,47,85,,
9/28/2023,5,C,SM,AS,NA,30,0,36,66,,
9/28/2023,5,D,SM,AS,NA,50,0,37,87,,
9/28/2023,5,E,BM,AS,NA,21,0,29,50,,
9/28/2023,5,F,CM,AS,NA,15,0,85,100,,
9/28/2023,5,G,BM,AS,NA,0,11,13,24,,
9/28/2023,5,H,SM,AS,NA,15,0,23,38,,
9/28/2023,5,I,BM,AS,NA,30,0,114,144,,
9/28/2023,edge,edge,edge,AS,NA,NA,NA,NA,1595,,
9/28/2023,edge,edge,edge,DB,NA,NA,NA,NA,8444,,"marketable and unmarketable split on data sheet, combined here. only marketable included here: additional 3479 g of unmarketable"
9/28/2023,edge,edge,edge,FC,NA,NA,NA,NA,13692,,
10/2/2023,edge,edge,edge,DB,NA,NA,NA,NA,8128,,marketable and unmarketable tracked on datasheet. only marketable included in total: additional 8679 grams unmarketable
10/5/2023,1,A,SM,AS,NA,NA,NA,NA,NA,687,final plot biomass
10/5/2023,1,B,BM,FC,NA,NA,NA,NA,NA,593,final plot biomass
10/5/2023,1,C,CM,DB,east,NA,NA,NA,NA,587,final plot biomass
10/5/2023,1,C,CM,DB,west,NA,NA,NA,NA,1286,final plot biomass
10/5/2023,1,D,CM,AS,NA,NA,NA,NA,NA,547,final plot biomass
10/5/2023,1,E,CM,FC,NA,NA,NA,NA,NA,640,final plot biomass
10/5/2023,1,F,SM,DB,east,NA,NA,NA,NA,568,final plot biomass
10/5/2023,1,F,SM,DB,west,NA,NA,NA,NA,915,final plot biomass
10/5/2023,1,G,BM,AS,NA,NA,NA,NA,NA,515,final plot biomass
10/5/2023,1,H,SM,FC,NA,NA,NA,NA,NA,584,final plot biomass
10/5/2023,1,I,BM,DB,east,NA,NA,NA,NA,1221,final plot biomass
10/5/2023,1,I,BM,DB,west,NA,NA,NA,NA,851,final plot biomass
10/5/2023,2,A,CM,FC,NA,NA,NA,NA,NA,1048,final plot biomass
10/5/2023,2,B,SM,DB,east,NA,NA,NA,NA,2006,final plot biomass
10/5/2023,2,B,SM,DB,west,NA,NA,NA,NA,1137,final plot biomass
10/5/2023,2,C,CM,AS,NA,NA,NA,NA,NA,662,final plot biomass
10/5/2023,2,D,BM,FC,NA,NA,NA,NA,NA,991,final plot biomass
10/5/2023,2,E,BM,DB,east,NA,NA,NA,NA,1619,final plot biomass
10/5/2023,2,E,BM,DB,west,NA,NA,NA,NA,1271,final plot biomass
10/5/2023,2,F,BM,AS,NA,NA,NA,NA,NA,312,final plot biomass
10/5/2023,2,G,SM,FC,NA,NA,NA,NA,NA,1068,final plot biomass
10/5/2023,2,H,CM,DB,east,NA,NA,NA,NA,1862,final plot biomass
10/5/2023,2,H,CM,DB,west,NA,NA,NA,NA,1886,final plot biomass
10/5/2023,2,I,SM,AS,NA,NA,NA,NA,NA,894,final plot biomass
10/5/2023,3,A,BM,DB,west,NA,NA,NA,NA,1655,final plot biomass
10/5/2023,3,A,BM,DB,east,NA,NA,NA,NA,1360,final plot biomass
10/5/2023,3,D,SM,DB,west,NA,NA,NA,NA,2723,final plot biomass
10/5/2023,3,D,SM,DB,east,NA,NA,NA,NA,2300,final plot biomass
10/5/2023,3,G,CM,DB,west,NA,NA,NA,NA,1751,final plot biomass
10/5/2023,5,A,CM,AS,NA,NA,NA,NA,NA,560,final plot biomass
10/5/2023,5,B,CM,AS,NA,NA,NA,NA,NA,310,final plot biomass
10/5/2023,5,C,SM,AS,NA,NA,NA,NA,NA,523,final plot biomass
10/5/2023,5,D,SM,AS,NA,NA,NA,NA,NA,806,final plot biomass
10/5/2023,5,E,BM,AS,NA,NA,NA,NA,NA,688,final plot biomass
10/5/2023,5,F,CM,AS,NA,NA,NA,NA,NA,582,final plot biomass
10/5/2023,5,G,BM,AS,NA,NA,NA,NA,NA,728,final plot biomass
10/5/2023,5,H,SM,AS,NA,NA,NA,NA,NA,924,final plot biomass
10/5/2023,5,I,BM,AS,NA,NA,NA,NA,NA,817,final plot biomass
10/5/2023,edge,edge,edge,DB,NA,NA,NA,NA,NA,964,Unmarketable beans not weighed
10/6/2023,3,B,CM,FC,NA,NA,NA,NA,NA,316,final plot biomass
10/6/2023,3,C,SM,AS,NA,NA,NA,NA,NA,432,final plot biomass
10/6/2023,3,E,BM,FC,NA,NA,NA,NA,NA,458,final plot biomass
10/6/2023,3,F,BM,AS,NA,NA,NA,NA,NA,386,final plot biomass
10/6/2023,3,G,CM,DB,east,NA,NA,NA,NA,1215,final plot biomass
10/6/2023,3,H,SM,FC,NA,NA,NA,NA,NA,637,final plot biomass
10/6/2023,3,I,CM,AS,NA,NA,NA,NA,NA,578,final plot biomass
10/6/2023,4,A,SM,FC,NA,NA,NA,NA,NA,423,final plot biomass
10/6/2023,4,B,CM,DB,west,NA,NA,NA,NA,847,final plot biomass
10/6/2023,4,B,CM,DB,east,NA,NA,NA,NA,548,final plot biomass
10/6/2023,4,C,BM,AS,NA,NA,NA,NA,NA,283,final plot biomass
10/6/2023,4,D,BM,FC,NA,NA,NA,NA,NA,587,final plot biomass
10/6/2023,4,E,BM,DB,east,NA,NA,NA,NA,1174,final plot biomass
10/6/2023,4,E,BM,DB,west,NA,NA,NA,NA,589,final plot biomass
10/6/2023,4,F,SM,AS,NA,NA,NA,NA,NA,331,final plot biomass
10/6/2023,4,G,CM,FC,NA,NA,NA,NA,NA,656,final plot biomass
10/6/2023,4,H,SM,DB,east,NA,NA,NA,NA,918,final plot biomass
10/6/2023,4,H,SM,DB,west,NA,NA,NA,NA,731,final plot biomass
10/6/2023,4,I,CM,AS,NA,NA,NA,NA,NA,755,final plot biomass
10/6/2023,edge,edge,edge,AS,NA,NA,NA,NA,NA,9100,final edge biomass
10/6/2023,edge,edge,edge,DB,NA,NA,NA,NA,NA,34100,final edge biomass
10/6/2023,edge,edge,edge,FC,NA,NA,NA,NA,NA,27900,final edge biomass
7/1/2024,1,A,SM,DB,east,0,0,,0,,
7/1/2024,1,A,SM,DB,west,0,0,,0,,
7/1/2024,1,B,BM,AS,NA,3,0,,3,,
7/1/2024,1,B,BM,AS,NA,0,0,,0,,
7/1/2024,1,C,CM,FC,NA,0,0,,0,,
7/1/2024,1,D,CM,DB,east,0,0,,0,,
7/1/2024,1,D,CM,DB,west,0,0,,0,,
7/1/2024,1,E,CM,AS,NA,0,0,,0,,
7/1/2024,1,F,SM,FC,NA,0,0,,0,,
7/1/2024,1,G,BM,DB,east,0,0,,0,,
7/1/2024,1,G,BM,DB,west,0,0,,0,,
7/1/2024,1,H,SM,AS,NA,0,0,,0,,
7/1/2024,1,I,BM,FC,NA,0,0,,0,,
7/1/2024,2,A,CM,AS,NA,4,0,,4,,
7/1/2024,2,B,SM,FC,NA,0,0,,0,,
7/1/2024,2,C,CM,DB,east,0,0,,0,,
7/1/2024,2,C,CM,DB,west,0,0,,0,,
7/1/2024,2,D,BM,AS,NA,0,0,,0,,
7/1/2024,2,E,BM,FC,NA,0,0,,0,,
7/1/2024,2,F,BM,DB,east,0,0,,0,,
7/1/2024,2,F,BM,DB,west,0,0,,0,,
7/1/2024,2,G,SM,AS,NA,0,0,,0,,
7/1/2024,2,H,CM,FC,NA,0,0,,0,,
7/1/2024,2,I,SM,DB,east,0,0,,0,,
7/1/2024,2,I,SM,DB,west,0,0,,0,,
7/1/2024,3,A,BM,FC,NA,0,0,,0,,
7/1/2024,3,B,CM,AS,NA,0,0,,0,,
7/1/2024,3,C,SM,DB,east,0,0,,0,,
7/1/2024,3,C,SM,DB,west,0,0,,0,,
7/1/2024,3,D,SM,FC,NA,0,0,,0,,
7/1/2024,3,E,BM,AS,NA,0,0,,0,,
7/1/2024,3,F,BM,DB,east,0,0,,0,,
7/1/2024,3,F,BM,DB,west,0,0,,0,,
7/1/2024,3,G,CM,FC,NA,0,0,,0,,
7/1/2024,3,H,SM,AS,NA,0,0,,0,,
7/1/2024,3,I,CM,DB,east,0,0,,0,,
7/1/2024,3,I,CM,DB,west,0,0,,0,,
7/1/2024,4,A,SM,AS,NA,0,0,,0,,
7/1/2024,4,B,CM,FC,NA,0,0,,0,,
7/1/2024,4,C,BM,DB,east,0,0,,0,,
7/1/2024,4,C,BM,DB,west,0,0,,0,,
7/1/2024,4,D,BM,AS,NA,0,0,,0,,
7/1/2024,4,E,BM,FC,NA,0,0,,0,,
7/1/2024,4,F,SM,DB,east,0,0,,0,,
7/1/2024,4,F,SM,DB,west,0,0,,0,,
7/1/2024,4,G,CM,AS,NA,0,0,,0,,
7/1/2024,4,H,SM,FC,NA,0,0,,0,,
7/1/2024,4,I,CM,DB,east,0,0,,0,,
7/1/2024,4,I,CM,DB,west,0,0,,0,,
7/1/2024,edge,edge,edge,AS,NA,NA,NA,,62,,
7/9/2024,1,A,SM,DB,east,0,0,,0,,
7/9/2024,1,A,SM,DB,west,0,0,,0,,
7/9/2024,1,B,BM,AS,NA,21,6,,27,,
7/9/2024,1,C,CM,FC,NA,0,0,,0,,
7/9/2024,1,D,CM,DB,east,0,0,,0,,
7/9/2024,1,D,CM,DB,west,0,0,,0,,
7/9/2024,1,E,CM,AS,NA,0,0,,0,,
7/9/2024,1,F,SM,FC,NA,0,0,,0,,
7/9/2024,1,G,BM,DB,east,0,0,,0,,
7/9/2024,1,G,BM,DB,west,0,0,,0,,
7/9/2024,1,H,SM,AS,NA,20,0,,20,,
7/9/2024,1,I,BM,FC,NA,0,0,,0,,
7/9/2024,2,A,CM,AS,NA,19,0,,19,,
7/9/2024,2,B,SM,FC,NA,0,0,,0,,
7/9/2024,2,C,CM,DB,east,0,0,,0,,
7/9/2024,2,C,CM,DB,west,0,0,,0,,
7/9/2024,2,D,BM,AS,NA,9,0,,9,,
7/9/2024,2,E,BM,FC,NA,0,0,,0,,
7/9/2024,2,F,BM,DB,east,0,0,,0,,
7/9/2024,2,F,BM,DB,west,0,0,,0,,
7/9/2024,2,G,SM,AS,NA,18,14,,32,,
7/9/2024,2,H,CM,FC,NA,0,0,,0,,
7/9/2024,2,I,SM,DB,east,0,0,,0,,
7/9/2024,2,I,SM,DB,west,0,0,,0,,
7/9/2024,3,A,BM,FC,NA,0,0,,0,,
7/9/2024,3,B,CM,AS,NA,17,0,,17,,
7/9/2024,3,C,SM,DB,east,0,0,,0,,
7/9/2024,3,C,SM,DB,west,0,0,,0,,
7/9/2024,3,D,SM,FC,NA,0,0,,0,,
7/9/2024,3,E,BM,AS,NA,0,0,,0,,
7/9/2024,3,F,BM,DB,east,0,0,,0,,
7/9/2024,3,F,BM,DB,west,0,0,,0,,
7/9/2024,3,G,CM,FC,NA,0,0,,0,,
7/9/2024,3,H,SM,AS,NA,73,12,,85,,
7/9/2024,3,I,CM,DB,east,0,0,,0,,
7/9/2024,3,I,CM,DB,west,0,0,,0,,
7/9/2024,4,A,SM,AS,NA,0,41,,41,,
7/9/2024,4,B,CM,FC,NA,0,0,,0,,
7/9/2024,4,C,BM,DB,east,0,0,,0,,
7/9/2024,4,C,BM,DB,west,0,0,,0,,
7/9/2024,4,D,BM,AS,NA,0,0,,0,,
7/9/2024,4,E,BM,FC,NA,0,0,,0,,
7/9/2024,4,F,SM,DB,east,0,0,,0,,
7/9/2024,4,F,SM,DB,west,0,0,,0,,
7/9/2024,4,G,CM,AS,NA,19,3,,22,,
7/9/2024,4,H,SM,FC,NA,0,0,,0,,
7/9/2024,4,I,CM,DB,east,0,0,,0,,
7/9/2024,4,I,CM,DB,west,0,0,,0,,
7/9/2024,edge,edge,edge,AS,NA,NA,NA,,263,,
7/12/2024,1,A,SM,DB,east,0,0,,0,,
7/12/2024,1,A,SM,DB,west,0,0,,0,,
7/12/2024,1,B,BM,AS,NA,12,0,,12,,
7/12/2024,1,C,CM,FC,NA,585,0,,585,,
7/12/2024,1,D,CM,DB,east,0,0,,0,,
7/12/2024,1,D,CM,DB,west,0,0,,0,,
7/12/2024,1,E,CM,AS,NA,19,0,,19,,
7/12/2024,1,F,SM,FC,NA,510,45,,555,,
7/12/2024,1,G,BM,DB,east,0,0,,0,,
7/12/2024,1,G,BM,DB,west,0,0,,0,,
7/12/2024,1,H,SM,AS,NA,8,0,,8,,
7/12/2024,1,I,BM,FC,NA,640,0,,640,,
7/12/2024,2,A,CM,AS,NA,0,0,,0,,
7/12/2024,2,B,SM,FC,NA,1205,0,,1205,,
7/12/2024,2,C,CM,DB,east,0,0,,0,,
7/12/2024,2,C,CM,DB,west,0,0,,0,,
7/12/2024,2,D,BM,AS,NA,0,0,,0,,
7/12/2024,2,E,BM,FC,NA,2190,0,,2190,,
7/12/2024,2,F,BM,DB,east,0,0,,0,,
7/12/2024,2,F,BM,DB,west,0,0,,0,,
7/12/2024,2,G,SM,AS,NA,11,0,,11,,
7/12/2024,2,H,CM,FC,NA,1450,0,,1450,,
7/12/2024,2,I,SM,DB,east,0,0,,0,,
7/12/2024,2,I,SM,DB,west,0,0,,0,,
7/12/2024,3,A,BM,FC,NA,768,0,,768,,
7/12/2024,3,B,CM,AS,NA,36,0,,36,,
7/12/2024,3,C,SM,DB,east,0,0,,0,,
7/12/2024,3,C,SM,DB,west,0,0,,0,,
7/12/2024,3,D,SM,FC,NA,1421,32,,1453,,
7/12/2024,3,E,BM,AS,NA,0,0,,0,,
7/12/2024,3,F,BM,DB,east,0,0,,0,,
7/12/2024,3,F,BM,DB,west,0,0,,0,,
7/12/2024,3,G,CM,FC,NA,2509,17,,2526,,
7/12/2024,3,H,SM,AS,NA,0,0,,0,,
7/12/2024,3,I,CM,DB,east,0,0,,0,,
7/12/2024,3,I,CM,DB,west,0,0,,0,,
7/12/2024,4,A,SM,AS,NA,15,0,,15,,
7/12/2024,4,B,CM,FC,NA,732,15,,747,,
7/12/2024,4,C,BM,DB,east,0,0,,0,,
7/12/2024,4,C,BM,DB,west,0,0,,0,,
7/12/2024,4,D,BM,AS,NA,0,0,,0,,
7/12/2024,4,E,BM,FC,NA,2265,43,,2308,,
7/12/2024,4,F,SM,DB,east,0,0,,0,,
7/12/2024,4,F,SM,DB,west,0,0,,0,,
7/12/2024,4,G,CM,AS,NA,19,0,,19,,
7/12/2024,4,H,SM,FC,NA,1151,0,,1151,,
7/12/2024,4,I,CM,DB,east,0,0,,0,,
7/12/2024,4,I,CM,DB,west,0,0,,0,,
7/12/2024,edge,edge,edge,AS,NA,NA,NA,,55,,
7/12/2024,edge,edge,edge,FC,NA,NA,NA,,9577,,
7/16/2024,1,A,SM,DB,east,0,0,,0,,
7/16/2024,1,A,SM,DB,west,0,0,,0,,
7/16/2024,1,B,BM,AS,NA,0,0,,0,,
7/16/2024,1,C,CM,FC,NA,0,0,,0,,
7/16/2024,1,D,CM,DB,east,0,0,,0,,
7/16/2024,1,D,CM,DB,west,0,0,,0,,
7/16/2024,1,E,CM,AS,NA,8,0,,8,,
7/16/2024,1,F,SM,FC,NA,0,0,,0,,
7/16/2024,1,G,BM,DB,east,0,0,,0,,
7/16/2024,1,G,BM,DB,west,0,0,,0,,
7/16/2024,1,H,SM,AS,NA,0,0,,0,,
7/16/2024,1,I,BM,FC,NA,0,0,,0,,
7/16/2024,2,A,CM,AS,NA,0,0,,0,,
7/16/2024,2,B,SM,FC,NA,0,0,,0,,
7/16/2024,2,C,CM,DB,east,0,0,,0,,
7/16/2024,2,C,CM,DB,west,0,0,,0,,
7/16/2024,2,D,BM,AS,NA,0,0,,0,,
7/16/2024,2,E,BM,FC,NA,0,0,,0,,
7/16/2024,2,F,BM,DB,east,0,0,,0,,
7/16/2024,2,F,BM,DB,west,0,0,,0,,
7/16/2024,2,G,SM,AS,NA,0,0,,0,,
7/16/2024,2,H,CM,FC,NA,0,0,,0,,
7/16/2024,2,I,SM,DB,east,0,0,,0,,
7/16/2024,2,I,SM,DB,west,0,0,,0,,
7/16/2024,3,A,BM,FC,NA,0,0,,0,,
7/16/2024,3,B,CM,AS,NA,0,0,,0,,
7/16/2024,3,C,SM,DB,east,0,0,,0,,
7/16/2024,3,C,SM,DB,west,0,0,,0,,
7/16/2024,3,D,SM,FC,NA,0,0,,0,,
7/16/2024,3,E,BM,AS,NA,10,3,,13,,
7/16/2024,3,F,BM,DB,east,0,0,,0,,
7/16/2024,3,F,BM,DB,west,0,0,,0,,
7/16/2024,3,G,CM,FC,NA,0,0,,0,,
7/16/2024,3,H,SM,AS,NA,0,0,,0,,
7/16/2024,3,I,CM,DB,east,0,0,,0,,
7/16/2024,3,I,CM,DB,west,0,0,,0,,
7/16/2024,4,A,SM,AS,NA,0,0,,0,,
7/16/2024,4,B,CM,FC,NA,0,0,,0,,
7/16/2024,4,C,BM,DB,east,0,0,,0,,
7/16/2024,4,C,BM,DB,west,0,0,,0,,
7/16/2024,4,D,BM,AS,NA,0,0,,0,,
7/16/2024,4,E,BM,FC,NA,0,0,,0,,
7/16/2024,4,F,SM,DB,east,0,0,,0,,
7/16/2024,4,F,SM,DB,west,0,0,,0,,
7/16/2024,4,G,CM,AS,NA,11,0,,11,,
7/16/2024,4,H,SM,FC,NA,0,0,,0,,
7/16/2024,4,I,CM,DB,east,0,0,,0,,
7/16/2024,4,I,CM,DB,west,0,0,,0,,
7/16/2024,edge,edge,edge,AS,NA,NA,NA,,179,,
7/26/2024,1,A,SM,DB,west,127,0,,127,,
7/26/2024,1,A,SM,DB,east,37,0,,37,,
7/26/2024,1,B,BM,AS,NA,0,0,,0,,
7/26/2024,1,C,CM,FC,NA,254,0,,254,,
7/26/2024,1,D,CM,DB,west,144,0,,144,,
7/26/2024,1,D,CM,DB,east,170,0,,170,,
7/26/2024,1,E,CM,AS,NA,0,0,,0,,
7/26/2024,1,F,SM,FC,NA,448,552,,1000,,
7/26/2024,1,G,BM,DB,west,208,0,,208,,
7/26/2024,1,G,BM,DB,east,220,0,,220,,
7/26/2024,1,H,SM,AS,NA,0,0,,0,,
7/26/2024,1,I,BM,FC,NA,717,679,,1396,,
7/26/2024,2,A,CM,AS,NA,6,0,,6,,
7/26/2024,2,B,SM,FC,NA,1963,1711,,3674,,
7/26/2024,2,C,CM,DB,west,33,0,,33,,
7/26/2024,2,C,CM,DB,east,36,0,,36,,
7/26/2024,2,D,BM,AS,NA,20,5,,25,,
7/26/2024,2,E,BM,FC,NA,2540,904,,3444,,
7/26/2024,2,F,BM,DB,west,88,0,,88,,
7/26/2024,2,F,BM,DB,east,36,0,,36,,
7/26/2024,2,G,SM,AS,NA,0,0,,0,,
7/26/2024,2,H,CM,FC,NA,1721,1283,,3004,,
7/26/2024,2,I,SM,DB,west,53,0,,53,,
7/26/2024,2,I,SM,DB,east,83,0,,83,,
7/26/2024,3,A,BM,FC,NA,1506,1028,,2534,,
7/26/2024,3,B,CM,AS,NA,0,3,,3,,
7/26/2024,3,C,SM,DB,west,37,0,,37,,
7/26/2024,3,C,SM,DB,east,53,0,,53,,
7/26/2024,3,D,SM,FC,NA,2824,1603,,4427,,
7/26/2024,3,E,BM,AS,NA,6,0,,6,,
7/26/2024,3,F,BM,DB,west,73,0,,73,,
7/26/2024,3,F,BM,DB,east,61,0,,61,,
7/26/2024,3,G,CM,FC,NA,1908,1314,,3222,,
7/26/2024,3,H,SM,AS,NA,0,0,,0,,
7/26/2024,3,I,CM,DB,west,35,0,,35,,
7/26/2024,3,I,CM,DB,east,45,0,,45,,
7/26/2024,4,A,SM,AS,NA,0,0,,0,,
7/26/2024,4,B,CM,FC,NA,2298,1120,,3418,,
7/26/2024,4,C,BM,DB,west,642,12,,654,,
7/26/2024,4,C,BM,DB,east,1020,0,,1020,,
7/26/2024,4,D,BM,AS,NA,0,0,,0,,
7/26/2024,4,E,BM,FC,NA,2263,1808,,4071,,
7/26/2024,4,F,SM,DB,west,968,0,,968,,
7/26/2024,4,F,SM,DB,east,934,0,,934,,
7/26/2024,4,G,CM,AS,NA,0,0,,0,,
7/26/2024,4,H,SM,FC,NA,3856,2288,,6144,,
7/26/2024,4,I,CM,DB,east,618,0,,618,,
7/26/2024,4,I,CM,DB,west,636,0,,636,,
7/26/2024,edge,edge,edge,AS,NA,NA,NA,,106,,
7/26/2024,edge,edge,edge,DB,NA,NA,NA,,5952,,
7/26/2024,edge,edge,edge,FC,NA,NA,NA,,26170,,
8/15/2024,1,A,SM,DB,,360,0,,360,"field data sheet has no directions. originally entered in this spreadsheet as separate east and west. preserved old entry here:
east: 180g
west: 185g",
8/15/2024,1,B,BM,AS,NA,43,24,,67,,
8/15/2024,1,C,CM,FC,NA,0,0,,0,,
8/15/2024,1,D,CM,DB,,540,0,,540,"field data sheet has no directions. originally entered in this spreadsheet as separate east and west. preserved old entry here:
east: 260g
west: 275g",
8/15/2024,1,E,CM,AS,NA,26,10,,36,,
8/15/2024,1,F,SM,FC,NA,220,0,,220,,
8/15/2024,1,G,BM,DB,,1010,58,,1068,"field data sheet has no directions. originally entered in this spreadsheet as separate east and west. preserved old entry here:
east: 507g
west: 500g",
8/15/2024,1,H,SM,AS,NA,59,16,,75,,
8/15/2024,1,I,BM,FC,NA,550,0,,550,,
8/15/2024,2,A,CM,AS,NA,113,5,,118,,
8/15/2024,2,B,SM,FC,NA,400,200,,600,,
8/15/2024,2,C,CM,DB,,520,0,,520,"field data sheet has no directions. originally entered in this spreadsheet as separate east and west. preserved old entry here:
east: 266g
west: 209g",
8/15/2024,2,D,BM,AS,NA,14,25,,39,,
8/15/2024,2,E,BM,FC,NA,1260,490,,1750,,
8/15/2024,2,F,BM,DB,,820,15,,835,"field data sheet has no directions. originally entered in this spreadsheet as separate east and west. preserved old entry here:
east: 411g
west: 410g",
8/15/2024,2,G,SM,AS,NA,0,43,,43,,
8/15/2024,2,H,CM,FC,NA,800,510,,1310,,
8/15/2024,2,I,SM,DB,,741,0,,741,"field data sheet has no directions. originally entered in this spreadsheet as separate east and west. preserved old entry here:
east: 365g
west: 371g",
8/15/2024,3,A,BM,FC,NA,530,170,,700,,
8/15/2024,3,B,CM,AS,NA,118,33,,151,,
8/15/2024,3,C,SM,DB,,462,0,,462,"field data sheet has no directions. originally entered in this spreadsheet as separate east and west. preserved old entry here:
east: 231g
west: 230g",
8/15/2024,3,D,SM,FC,NA,1180,840,,2020,,
8/15/2024,3,E,BM,AS,NA,0,34,,34,,
8/15/2024,3,F,BM,DB,,1085,0,,1085,"field data sheet has no directions. originally entered in this spreadsheet as separate east and west. preserved old entry here:
east: 545g
west: 542g",
8/15/2024,3,G,CM,FC,NA,1830,0,,1830,,
8/15/2024,3,H,SM,AS,NA,79,10,,89,,
8/15/2024,3,I,CM,DB,,640,0,,640,"field data sheet has no directions. originally entered in this spreadsheet as separate east and west. preserved old entry here:
east: 322g
west: 319g",
8/15/2024,4,A,SM,AS,NA,159,0,,159,,
8/15/2024,4,B,CM,FC,NA,1010,670,,1680,,
8/15/2024,4,C,BM,DB,,1296,0,,1296,"field data sheet has no directions. originally entered in this spreadsheet as separate east and west. preserved old entry here:
east: 645g
west: 649g",
8/15/2024,4,D,BM,AS,NA,0,30,,30,,
8/15/2024,4,E,BM,FC,NA,890,820,,1710,,
8/15/2024,4,F,SM,DB,,1109,0,,1109,"field data sheet has no directions. originally entered in this spreadsheet as separate east and west. preserved old entry here:
east: 555g
west: 540g",
8/15/2024,4,G,CM,AS,NA,25,0,,25,,
8/15/2024,4,H,SM,FC,NA,2190,700,,2890,,
8/15/2024,4,I,CM,DB,,568,0,,568,"field data sheet has no directions. originally entered in this spreadsheet as separate east and west. preserved old entry here:
east: 284g
west: 287g",
8/15/2024,edge,edge,edge,AS,NA,NA,NA,,768,,
8/15/2024,edge,edge,edge,DB,NA,NA,NA,,7762,,
8/15/2024,edge,edge,edge,FC,NA,NA,NA,,18840,,
9/4/2024,1,B,BM,AS,NA,3,1,,4,,
9/4/2024,1,E,CM,AS,NA,4,0,,4,,
9/4/2024,1,H,SM,AS,NA,5,0,,5,,
9/4/2024,2,A,CM,AS,NA,2,0,,2,,
9/4/2024,2,D,BM,AS,NA,1,1,,2,,
9/4/2024,2,G,SM,AS,NA,1,0,,1,,
9/4/2024,3,B,CM,AS,NA,2,0,,2,,
9/4/2024,3,E,BM,AS,NA,0,0,,0,,
9/4/2024,3,H,SM,AS,NA,4,0,,4,,
9/4/2024,4,A,SM,AS,NA,4,0,,4,,
9/4/2024,4,D,BM,AS,NA,0,1,,1,,
9/4/2024,4,G,CM,AS,NA,1,0,,1,,
9/4/2024,1,A,SM,DB,east,0,0,,0,,
9/4/2024,1,A,SM,DB,west,0,0,,0,,
9/4/2024,1,D,CM,DB,east,0,0,,0,,
9/4/2024,1,D,CM,DB,west,0,0,,0,,
9/4/2024,1,G,BM,DB,east,0,0,,0,,
9/4/2024,1,G,BM,DB,west,0,0,,0,,
9/4/2024,2,C,CM,DB,east,0,0,,0,,
9/4/2024,2,C,CM,DB,west,0,0,,0,,
9/4/2024,2,F,BM,DB,east,0,0,,0,,
9/4/2024,2,F,BM,DB,west,0,0,,0,,
9/4/2024,2,I,SM,DB,east,0,0,,0,,
9/4/2024,2,I,SM,DB,west,0,0,,0,,
9/4/2024,3,C,SM,DB,east,0,0,,0,,
9/4/2024,3,C,SM,DB,west,0,0,,0,,
9/4/2024,3,F,BM,DB,east,0,0,,0,,
9/4/2024,3,F,BM,DB,west,0,0,,0,,
9/4/2024,3,I,CM,DB,east,0,0,,0,,
9/4/2024,3,I,CM,DB,west,0,0,,0,,
9/4/2024,4,C,BM,DB,east,0,0,,0,,
9/4/2024,4,C,BM,DB,west,0,0,,0,,
9/4/2024,4,F,SM,DB,east,0,0,,0,,
9/4/2024,4,F,SM,DB,west,0,0,,0,,
9/4/2024,4,I,CM,DB,east,0,0,,0,,
9/4/2024,4,I,CM,DB,west,0,0,,0,,
9/4/2024,1,C,CM,FC,NA,0,0,,0,,
9/4/2024,1,F,SM,FC,NA,0,0,,0,,
9/4/2024,1,I,BM,FC,NA,0,0,,0,,
9/4/2024,2,B,SM,FC,NA,0,0,,0,,
9/4/2024,2,E,BM,FC,NA,0,0,,0,,
9/4/2024,2,H,CM,FC,NA,0,0,,0,,
9/4/2024,3,A,BM,FC,NA,0,0,,0,,
9/4/2024,3,D,SM,FC,NA,0,0,,0,,
9/4/2024,3,G,CM,FC,NA,0,0,,0,,
9/4/2024,4,B,CM,FC,NA,0,0,,0,,
9/4/2024,4,E,BM,FC,NA,0,0,,0,,
9/4/2024,4,H,SM,FC,NA,0,0,,0,,
9/4/2024,edge,edge,edge,AS,NA,NA,NA,,25,,
9/13/2024,1,B,BM,AS,NA,41,0,,41,,
9/13/2024,1,C,CM,FC,NA,0,0,,0,,
9/13/2024,1,E,CM,AS,NA,144,0,,144,,
9/13/2024,1,F,SM,FC,NA,0,0,,0,,
9/13/2024,1,H,SM,AS,NA,194,0,,194,,
9/13/2024,1,I,BM,FC,NA,768,0,,768,,
9/13/2024,2,A,CM,AS,NA,63,0,,63,,
9/13/2024,2,B,SM,FC,NA,0,0,,0,,
9/13/2024,2,D,BM,AS,NA,12,5,,17,,
9/13/2024,2,E,BM,FC,NA,578,588,,1166,,
9/13/2024,2,G,SM,AS,NA,16,8,,24,,
9/13/2024,2,H,CM,FC,NA,617,222,,839,,
9/13/2024,3,A,BM,FC,NA,472,0,,472,,
9/13/2024,3,B,CM,AS,NA,119,0,,119,,
9/13/2024,3,D,SM,FC,NA,965,632,,1597,,
9/13/2024,3,E,BM,AS,NA,8,0,,8,,
9/13/2024,3,G,CM,FC,NA,1457,478,,1935,,
9/13/2024,3,H,SM,AS,NA,73,0,,73,,
9/13/2024,4,A,SM,AS,NA,61,0,,61,,
9/13/2024,4,B,CM,FC,NA,1382,0,,1382,,
9/13/2024,4,D,BM,AS,NA,9,0,,9,,
9/13/2024,4,E,SM,FC,NA,2628,3388,,6016,,
9/13/2024,4,G,CM,AS,NA,49,0,,49,,
9/13/2024,4,H,BM,FC,NA,1433,170,,1603,,
9/13/2024,1,A,SM,DB,east,0,0,,0,,
9/13/2024,1,A,SM,DB,west,0,0,,0,,
9/13/2024,1,D,CM,DB,east,0,0,,0,,
9/13/2024,1,D,CM,DB,west,0,0,,0,,
9/13/2024,1,G,BM,DB,east,0,0,,0,,
9/13/2024,1,G,BM,DB,west,0,0,,0,,
9/13/2024,2,C,CM,DB,east,0,0,,0,,
9/13/2024,2,C,CM,DB,west,0,0,,0,,
9/13/2024,2,F,BM,DB,east,0,0,,0,,
9/13/2024,2,F,BM,DB,west,0,0,,0,,
9/13/2024,2,I,SM,DB,east,0,0,,0,,
9/13/2024,2,I,SM,DB,west,0,0,,0,,
9/13/2024,3,C,SM,DB,east,0,0,,0,,
9/13/2024,3,C,SM,DB,west,0,0,,0,,
9/13/2024,3,F,BM,DB,east,0,0,,0,,
9/13/2024,3,F,BM,DB,west,0,0,,0,,
9/13/2024,3,I,CM,DB,east,0,0,,0,,
9/13/2024,3,I,CM,DB,west,0,0,,0,,
9/13/2024,4,C,BM,DB,east,0,0,,0,,
9/13/2024,4,C,BM,DB,west,0,0,,0,,
9/13/2024,4,F,SM,DB,east,0,0,,0,,
9/13/2024,4,F,SM,DB,west,0,0,,0,,
9/13/2024,4,I,CM,DB,east,0,0,,0,,
9/13/2024,4,I,CM,DB,west,0,0,,0,,
9/13/2024,edge,edge,edge,AS,NA,NA,NA,,817,,
9/13/2024,edge,edge,edge,FC,NA,NA,NA,,18165,,
10/17/2024,1,A,SM,DB,,0,0,,0,1320,
10/17/2024,1,B,BM,AS,,0,0,,0,111,
10/17/2024,1,D,CM,DB,,0,0,,0,727,
10/17/2024,1,E,CM,AS,,0,13,,13,830,
10/17/2024,1,G,BM,DB,,0,0,,0,1519,
10/17/2024,1,H,SM,AS,,0,5,,5,488,
10/17/2024,2,A,CM,AS,,0,16,,16,1153,
10/17/2024,2,C,CM,DB,,0,0,,0,1023,
10/17/2024,2,D,BM,AS,,0,21,,21,543,
10/17/2024,2,F,BM,DB,,0,0,,0,1601,
10/17/2024,2,G,SM,AS,,0,34,,34,720,
10/17/2024,2,I,SM,DB,,0,0,,0,1590,
10/17/2024,3,B,CM,AS,,0,0,,0,870,
10/17/2024,3,C,SM,DB,,0,0,,0,1015,
10/17/2024,3,E,BM,AS,,0,0,,0,422,
10/17/2024,3,F,BM,DB,,0,0,,0,2132,
10/17/2024,3,H,SM,AS,,0,32,,32,1084,
10/17/2024,3,I,CM,DB,,0,0,,0,1644,
10/17/2024,4,A,SM,AS,,0,10,,10,671,
10/17/2024,4,B,CM,FC,,4581,3315,,7896,381,
10/17/2024,4,C,BM,DB,,0,0,,0,1486,
10/17/2024,4,D,BM,AS,,0,24,,24,608,
10/17/2024,4,F,SM,DB,,0,0,,0,2063,
10/17/2024,4,G,CM,AS,,0,16,,16,896,
10/17/2024,4,I,CM,DB,,0,0,,0,1149,
10/17/2024,edge,edge,edge,FC,,NA,NA,,4705,,
10/28/2024,1,C,CM,FC,,0,0,,0,1214,
10/28/2024,1,F,SM,FC,,0,0,,0,1629,
10/28/2024,1,I,BM,FC,,0,0,,0,3278,
10/28/2024,2,B,SM,FC,,0,0,,0,2009,
10/28/2024,2,E,BM,FC,,0,0,,0,3309,
10/28/2024,2,H,CM,FC,,0,0,,0,2384,
10/28/2024,3,A,BM,FC,,0,0,,0,2672,
10/28/2024,3,D,SM,FC,,0,0,,0,3028,
10/28/2024,3,G,CM,FC,,0,0,,0,3444,
10/28/2024,4,B,CM,FC,,0,0,,0,2002,
10/28/2024,4,E,SM,FC,,0,0,,0,2791,
10/28/2024,4,H,BM,FC,,0,0,,0,3196,
10/25/2024,3,A,BM,FC,,4950,7000,,11950,,
10/25/2024,3,G,CM,FC,,7000,9750,,16750,,
10/25/2024,3,D,SM,FC,,7100,8450,,15550,,
10/25/2024,4,E,BM,FC,,5600,8100,,13700,,
10/25/2024,4,H,SM,FC,,8850,6650,,15500,,
10/25/2024,4,B,CM,FC,,0,0,,0,385.51,
10/25/2024,edge,edge,edge,FC,,NA,NA,,6750,,
10/26/2024,2,B,SM,FC,,2200,5300,,7500,,
10/26/2024,2,E,BM,FC,,3200,5800,,9000,,
10/26/2024,2,H,CM,FC,,4700,4750,,9450,,
10/26/2024,1,I,BM,FC,,7050,6600,,13650,,
10/26/2024,1,C,CM,FC,,1100,3650,,4750,,
10/26/2024,1,F,SM,FC,,2850,3400,,6250,,
10/26/2024,edge,edge,edge,FC,,NA,NA,,2850,,
11/15/2024,edge,edge,edge,FC,,NA,NA,,83778.51074,,"actually harvested over two separate days. weighed with the SOF market scale, which was easiest for this volume."