date_collected,block,plot,treatment,crop,direction,marketable_yield_g,unmarketable_yield_g,total_yield_g,notes
29Jun2023,1,B,BM,FC,NA,364.17,462.34,826.51,
29Jun2023,1,E,CM,FC,NA,816.11,313.12,1129.23,
29Jun2023,1,H,SM,FC,NA,1367.7,395.04,1762.74,
29Jun2023,2,A,CM,FC,NA,910.3,405.7,1316,
29Jun2023,2,D,BM,FC,NA,729.75,444.92,1174.67,
29Jun2023,2,G,SM,FC,NA,1073.89,505.72,1579.61,
29Jun2023,3,B,CM,FC,NA,0,0,0,
29Jun2023,3,E,BM,FC,NA,106.31,130.2,236.51,
29Jun2023,3,H,SM,FC,NA,727.35,1054.51,1781.86,
29Jun2023,4,A,SM,FC,NA,875.78,710.99,1586.77,
29Jun2023,4,D,BM,FC,NA,132.85,146.62,279.47,
29Jun2023,4,G,CM,FC,NA,0,0,0,
29Jun2023,edge,edge,edge,FC,NA,NA,NA,10010.88,
01Jul2023,1,A,SM,AS,NA,0,0,0,
01Jul2023,1,D,CM,AS,NA,0,0,0,
01Jul2023,1,G,BM,AS,NA,40,7,47,
01Jul2023,2,C,CM,AS,NA,0,0,0,
01Jul2023,2,F,BM,AS,NA,0,17,17,
01Jul2023,2,I,SM,AS,NA,30,10,40,
01Jul2023,3,C,SM,AS,NA,0,0,0,
01Jul2023,3,F,BM,AS,NA,0,0,0,
01Jul2023,3,I,CM,AS,NA,0,0,0,
01Jul2023,4,C,BM,AS,NA,5,0,5,
01Jul2023,4,F,SM,AS,NA,8,13,21,
01Jul2023,4,I,CM,AS,NA,6,8,14,
01Jul2023,edge,edge,edge,AS,NA,NA,NA,225,
03Jul2023,1,A,SM,AS,NA,19.37,5.48,24.85,
03Jul2023,1,B,BM,FC,NA,218.22,160.76,378.98,
03Jul2023,1,D,CM,AS,NA,39.3,25.3,64.6,
03Jul2023,1,E,CM,FC,NA,379.5,443.49,822.99,
03Jul2023,1,G,BM,AS,NA,32.7,1.65,34.35,
03Jul2023,1,H,SM,FC,NA,432.63,80.73,513.36,
03Jul2023,2,A,CM,FC,NA,374.43,474.28,848.71,
03Jul2023,2,C,CM,AS,NA,36.91,15.15,52.06,
03Jul2023,2,D,BM,FC,NA,492.27,276.88,769.15,
03Jul2023,2,F,BM,AS,NA,0,11.48,11.48,
03Jul2023,2,G,SM,FC,NA,551.03,237.19,788.22,
03Jul2023,2,I,SM,AS,NA,44.23,16.45,60.68,
03Jul2023,3,B,CM,FC,NA,226.41,244.14,470.55,
03Jul2023,3,C,SM,AS,NA,16.29,7.23,23.52,
03Jul2023,3,E,BM,FC,NA,295.52,488.38,783.9,
03Jul2023,3,F,BM,AS,NA,0,0,0,
03Jul2023,3,H,SM,FC,NA,382.21,491.47,873.68,
03Jul2023,3,I,CM,AS,NA,44.25,20.31,64.56,
03Jul2023,4,A,SM,FC,NA,529.02,362.74,891.76,
03Jul2023,4,C,BM,AS,NA,4.98,0,4.98,
03Jul2023,4,D,BM,FC,NA,319.9,424.83,744.73,
03Jul2023,4,F,SM,AS,NA,42.74,13.62,56.36,
03Jul2023,4,G,CM,FC,NA,28.79,532.34,561.13,
03Jul2023,4,I,CM,AS,NA,12.48,4.95,17.43,
03Jul2023,5,A,CM,AS,NA,39.24,0,39.24,
03Jul2023,5,B,CM,AS,NA,8.92,5.83,14.75,
03Jul2023,5,C,SM,AS,NA,68.54,17.63,86.17,
03Jul2023,5,D,SM,AS,NA,49.13,0,49.13,
03Jul2023,5,E,BM,AS,NA,35.92,24.53,60.45,
03Jul2023,5,F,CM,AS,NA,34.87,18.16,53.03,
03Jul2023,5,G,BM,AS,NA,0,4.36,4.36,
03Jul2023,5,H,SM,AS,NA,7.35,0,7.35,
03Jul2023,5,I,BM,AS,NA,50.2,12.58,62.78,
03Jul2023,edge,edge,edge,FC,NA,NA,NA,9355.56,
03Jul2023,edge,edge,edge,AS,NA,NA,NA,761.86,
05Jul2023,1,A,SM,AS,NA,26.28,16.84,43.12,
05Jul2023,1,D,CM,AS,NA,18.11,3.75,21.86,
05Jul2023,1,G,BM,AS,NA,17.62,15.24,32.86,
05Jul2023,2,C,CM,AS,NA,7.22,5.92,13.14,
05Jul2023,2,F,BM,AS,NA,17.81,7.43,25.24,
05Jul2023,2,I,SM,AS,NA,28.31,11.46,39.77,
05Jul2023,3,C,SM,AS,NA,31.2,0,31.2,
05Jul2023,3,F,BM,AS,NA,46.52,0,46.52,
05Jul2023,3,I,CM,AS,NA,27.13,8.37,35.5,
05Jul2023,4,C,BM,AS,NA,0,8.67,8.67,
05Jul2023,4,F,SM,AS,NA,42.7,17.97,60.67,
05Jul2023,4,I,CM,AS,NA,8.01,9.94,17.95,
05Jul2023,5,A,CM,AS,NA,10.9,9.79,20.69,
05Jul2023,5,B,CM,AS,NA,0,0,0,
05Jul2023,5,C,SM,AS,NA,9.61,0,9.61,
05Jul2023,5,D,SM,AS,NA,8.74,0,8.74,
05Jul2023,5,E,BM,AS,NA,16.74,7.83,24.57,
05Jul2023,5,F,CM,AS,NA,24.49,6.4,30.89,
05Jul2023,5,G,BM,AS,NA,5.9,10.05,15.95,
05Jul2023,5,H,SM,AS,NA,53.97,0,53.97,
05Jul2023,5,I,BM,AS,NA,3.92,10.17,14.09,
05Jul2023,edge,edge,edge,AS,NA,NA,NA,504.7,
07Jul2023,1,A,SM,AS,NA,7,11,18,
07Jul2023,1,B,BM,FC,NA,660,189,849,
07Jul2023,1,D,CM,AS,NA,37,0,37,
07Jul2023,1,E,CM,FC,NA,804,380,1184,
07Jul2023,1,G,BM,AS,NA,8,7,15,
07Jul2023,1,H,SM,FC,NA,623,348,971,
07Jul2023,2,A,CM,FC,NA,700,92,792,
07Jul2023,2,C,CM,AS,NA,29,11,40,
07Jul2023,2,D,BM,FC,NA,442,241,683,
07Jul2023,2,F,BM,AS,NA,24,13,37,
07Jul2023,2,G,SM,FC,NA,574,265,839,
07Jul2023,2,I,SM,AS,NA,11,1,12,
07Jul2023,3,B,CM,FC,NA,578,272,850,
07Jul2023,3,C,SM,AS,NA,14,0,14,
07Jul2023,3,E,BM,FC,NA,769,279,1048,
07Jul2023,3,F,BM,AS,NA,6,0,6,
07Jul2023,3,H,SM,FC,NA,538,303,841,
07Jul2023,3,I,CM,AS,NA,29,0,29,
07Jul2023,4,A,SM,FC,NA,208,205,413,
07Jul2023,4,C,BM,AS,NA,8,8,16,
07Jul2023,4,D,BM,FC,NA,520,398,918,
07Jul2023,4,F,SM,AS,NA,27,6,33,
07Jul2023,4,G,CM,FC,NA,482,233,715,
07Jul2023,4,I,CM,AS,NA,11,3,14,
07Jul2023,5,A,CM,AS,NA,27,0,27,
07Jul2023,5,B,CM,AS,NA,0,2,2,
07Jul2023,5,C,SM,AS,NA,9,7,16,
07Jul2023,5,D,SM,AS,NA,2,7,9,
07Jul2023,5,E,BM,AS,NA,10,0,10,
07Jul2023,5,F,CM,AS,NA,37,23,60,
07Jul2023,5,G,BM,AS,NA,0,0,0,
07Jul2023,5,H,SM,AS,NA,5,0,5,
07Jul2023,5,I,BM,AS,NA,27,1,28,
07Jul2023,edge,edge,edge,AS,NA,NA,NA,552,
07Jul2023,edge,edge,edge,FC,NA,NA,NA,9074,
10Jul2023,1,A,SM,AS,NA,28.5,3.2,31.7,
10Jul2023,1,B,BM,FC,NA,0,102,102,
10Jul2023,1,D,CM,AS,NA,24.1,2.2,26.3,
10Jul2023,1,E,CM,FC,NA,269,212,481,
10Jul2023,1,G,BM,AS,NA,21.3,0,21.3,
10Jul2023,1,H,SM,FC,NA,241,165,406,
10Jul2023,2,A,CM,FC,NA,105,102,207,
10Jul2023,2,C,CM,AS,NA,18.3,0,18.3,
10Jul2023,2,D,BM,FC,NA,214,146,360,
10Jul2023,2,F,BM,AS,NA,18,8.6,26.6,
10Jul2023,2,G,SM,FC,NA,223,189,412,
10Jul2023,2,I,SM,AS,NA,19.8,7.6,27.4,
10Jul2023,3,B,CM,FC,NA,218,139,357,
10Jul2023,3,C,SM,AS,NA,12.7,6.5,19.2,
10Jul2023,3,E,BM,FC,NA,106,201,307,
10Jul2023,3,F,BM,AS,NA,26.3,8.9,35.2,
10Jul2023,3,H,SM,FC,NA,295,134,429,
10Jul2023,3,I,CM,AS,NA,37.3,0.9,38.2,
10Jul2023,4,A,SM,FC,NA,0,159,159,
10Jul2023,4,C,BM,AS,NA,19.7,0,19.7,
10Jul2023,4,D,BM,FC,NA,306,77,383,
10Jul2023,4,F,SM,AS,NA,8.1,5,13.1,
10Jul2023,4,G,CM,FC,NA,275,100,375,
10Jul2023,4,I,CM,AS,NA,9.7,5.7,15.4,
10Jul2023,5,A,CM,AS,NA,39.7,7.9,47.6,
10Jul2023,5,B,CM,AS,NA,4.8,0,4.8,
10Jul2023,5,C,SM,AS,NA,5.2,0,5.2,
10Jul2023,5,D,SM,AS,NA,16.9,0,16.9,
10Jul2023,5,E,BM,AS,NA,21,12.6,33.6,
10Jul2023,5,F,CM,AS,NA,8,0,8,
10Jul2023,5,G,BM,AS,NA,0,0,0,
10Jul2023,5,H,SM,AS,NA,0,0,0,
10Jul2023,5,I,BM,AS,NA,7.5,2.7,10.2,
10Jul2023,edge,edge,edge,AS,NA,NA,NA,493.91,
10Jul2023,edge,edge,edge,FC,NA,NA,NA,6163.7,
13Jul2023,1,A,SM,AS,NA,10,0,10,
13Jul2023,1,B,BM,FC,NA,226,255,481,
13Jul2023,1,D,CM,AS,NA,0,0,0,
13Jul2023,1,E,CM,FC,NA,158,188,346,
13Jul2023,1,G,BM,AS,NA,15,0,15,
13Jul2023,1,H,SM,FC,NA,181,377,558,
13Jul2023,2,A,CM,FC,NA,194,71,265,
13Jul2023,2,C,CM,AS,NA,22,0,22,
13Jul2023,2,D,BM,FC,NA,187,117,304,
13Jul2023,2,F,BM,AS,NA,30,0,30,
13Jul2023,2,G,SM,FC,NA,253,116,369,
13Jul2023,2,I,SM,AS,NA,0,0,0,
13Jul2023,3,B,CM,FC,NA,183,116,299,
13Jul2023,3,C,SM,AS,NA,12,2,14,
13Jul2023,3,E,BM,FC,NA,227,19,246,
13Jul2023,3,F,BM,AS,NA,5,0,5,
13Jul2023,3,H,SM,FC,NA,127,0,127,
13Jul2023,3,I,CM,AS,NA,25,1,26,
13Jul2023,4,A,SM,FC,NA,203,175,378,
13Jul2023,4,C,BM,AS,NA,0,0,0,
13Jul2023,4,D,BM,FC,NA,430,37,467,
13Jul2023,4,F,SM,AS,NA,0,1,1,
13Jul2023,4,G,CM,FC,NA,392,50,442,
13Jul2023,4,I,CM,AS,NA,10,12,22,
13Jul2023,5,A,CM,AS,NA,18,0,18,
13Jul2023,5,B,CM,AS,NA,9,0,9,
13Jul2023,5,C,SM,AS,NA,10,5,15,
13Jul2023,5,D,SM,AS,NA,0,0,0,
13Jul2023,5,E,BM,AS,NA,4,0,4,
13Jul2023,5,F,CM,AS,NA,14,0,14,
13Jul2023,5,G,BM,AS,NA,12,0,12,
13Jul2023,5,H,SM,AS,NA,18,0,18,
13Jul2023,5,I,BM,AS,NA,0,1,1,
13Jul2023,edge,edge,edge,AS,NA,NA,NA,188,
13Jul2023,edge,edge,edge,FC,NA,NA,NA,4294,
17Jul2023,1,A,SM,AS,NA,5,0,5,
17Jul2023,1,B,BM,FC,NA,597,0,597,
17Jul2023,1,D,CM,AS,NA,5,0,5,
17Jul2023,1,E,CM,FC,NA,557,64,621,
17Jul2023,1,G,BM,AS,NA,1,0,1,
17Jul2023,1,H,SM,FC,NA,781,32,813,
17Jul2023,2,A,CM,FC,NA,62,0,62,
17Jul2023,2,C,CM,AS,NA,5,0,5,
17Jul2023,2,D,BM,FC,NA,130,0,130,
17Jul2023,2,F,BM,AS,NA,30,2,32,
17Jul2023,2,G,SM,FC,NA,274,0,274,
17Jul2023,2,I,SM,AS,NA,0,0,0,
17Jul2023,3,B,CM,FC,NA,336,82,418,
17Jul2023,3,C,SM,AS,NA,7,7,14,
17Jul2023,3,E,BM,FC,NA,367,0,367,
17Jul2023,3,F,BM,AS,NA,26,0,26,
17Jul2023,3,H,SM,FC,NA,616,35,651,
17Jul2023,3,I,CM,AS,NA,35,23,58,
17Jul2023,4,A,SM,FC,NA,288,230,518,
17Jul2023,4,C,BM,AS,NA,0,0,0,
17Jul2023,4,D,BM,FC,NA,245,209,454,
17Jul2023,4,F,SM,AS,NA,0,0,0,
17Jul2023,4,G,CM,FC,NA,770,78,848,
17Jul2023,4,I,CM,AS,NA,0,0,0,
17Jul2023,5,A,CM,AS,NA,33,1,34,
17Jul2023,5,B,CM,AS,NA,17,0,17,
17Jul2023,5,C,SM,AS,NA,17,2,19,
17Jul2023,5,D,SM,AS,NA,10,0,10,
17Jul2023,5,E,BM,AS,NA,17,0,17,
17Jul2023,5,F,CM,AS,NA,24,0,24,
17Jul2023,5,G,BM,AS,NA,32,0,32,
17Jul2023,5,H,SM,AS,NA,9,0,9,
17Jul2023,5,I,BM,AS,NA,13,0,13,
17Jul2023,edge,edge,edge,AS,NA,NA,NA,332,
17Jul2023,edge,edge,edge,FC,NA,NA,NA,5066,
20Jul2023,1,A,SM,AS,NA,7,0,7,
20Jul2023,1,B,BM,FC,NA,552,92,644,plot incorrectly marked as A on datasheet
20Jul2023,1,D,CM,AS,NA,0,6,6,
20Jul2023,1,E,CM,FC,NA,416,36,452,plot incorrectly marked as D on datasheet
20Jul2023,1,G,BM,AS,NA,0,12,12,
20Jul2023,1,H,SM,FC,NA,443,65,508,plot incorrectly marked as G on datasheet
20Jul2023,2,A,CM,FC,NA,303,121,424,
20Jul2023,2,C,CM,AS,NA,0,0,0,
20Jul2023,2,D,BM,FC,NA,248,0,248,
20Jul2023,2,F,BM,AS,NA,0,4,4,
20Jul2023,2,G,SM,FC,NA,434,64,498,
20Jul2023,2,I,SM,AS,NA,0,4,4,
20Jul2023,3,B,CM,FC,NA,427,41,468,
20Jul2023,3,C,SM,AS,NA,3,0,3,
20Jul2023,3,E,BM,FC,NA,353,35,388,
20Jul2023,3,F,BM,AS,NA,0,0,0,
20Jul2023,3,H,SM,FC,NA,522,30,552,
20Jul2023,3,I,CM,AS,NA,11,0,11,
20Jul2023,4,A,SM,FC,NA,689,233,922,
20Jul2023,4,C,BM,AS,NA,0,0,0,
20Jul2023,4,D,BM,FC,NA,642,0,642,
20Jul2023,4,F,SM,AS,NA,0,0,0,
20Jul2023,4,G,CM,FC,NA,333,40,373,
20Jul2023,4,I,CM,AS,NA,0,3,3,
20Jul2023,5,A,CM,AS,NA,9,8,17,
20Jul2023,5,B,CM,AS,NA,23,0,23,
20Jul2023,5,C,SM,AS,NA,10,0,10,
20Jul2023,5,D,SM,AS,NA,7,0,7,
20Jul2023,5,E,BM,AS,NA,18,3,21,
20Jul2023,5,F,CM,AS,NA,22,0,22,
20Jul2023,5,G,BM,AS,NA,9,0,9,
20Jul2023,5,H,SM,AS,NA,5,0,5,
20Jul2023,5,I,BM,AS,NA,0,0,0,
20Jul2023,edge,edge,edge,AS,NA,NA,NA,136,
20Jul2023,edge,edge,edge,FC,NA,NA,NA,8635,
21Jul2023,1,C,CM,DB,west,1166,0,,full row
21Jul2023,1,C,CM,DB,east,522,0,,only 6 ft of beans on this side
21Jul2023,1,F,SM,DB,east,1585,0,,full row
21Jul2023,1,F,SM,DB,west,22,0,,only 5-5.5ft of beans on this side
21Jul2023,1,I,BM,DB,east,1697,0,,full row
21Jul2023,1,I,BM,DB,west,13,0,,about 9ft of beans on this side
21Jul2023,2,B,SM,DB,east,1051,0,,full row
21Jul2023,2,B,SM,DB,west,0,0,,7 ft of beans on this side (all small)
21Jul2023,2,E,BM,DB,west,0,0,,"row is full, but sparse. unsure how to measure in ft"
21Jul2023,2,E,BM,DB,east,377,0,,full row
21Jul2023,2,H,CM,DB,west,60,0,,full row
21Jul2023,2,H,CM,DB,east,240,0,,full row
21Jul2023,3,A,BM,DB,west,0,0,,"full row, though sparse"
21Jul2023,3,A,BM,DB,east,175,0,,full row
21Jul2023,3,D,SM,DB,east,62,0,,full row
21Jul2023,3,D,SM,DB,west,0,0,,full row
21Jul2023,3,G,CM,DB,west,294,0,,full row
21Jul2023,3,G,CM,DB,east,0,0,,full row
21Jul2023,4,B,CM,DB,west,1023,0,,full row
21Jul2023,4,B,CM,DB,east,0,0,,almost no plants
21Jul2023,4,E,BM,DB,west,625,0,,"full row, though a little sparse"
21Jul2023,4,E,BM,DB,east,5,0,,"full row, little sparse"
21Jul2023,4,H,SM,DB,west,532,0,,full row
21Jul2023,4,H,SM,DB,east,680,0,,full row
21Jul2023,edge,edge,edge,edge,NA,NA,NA,11761,
24Jul2023,1,A,SM,AS,NA,0,0,0,
24Jul2023,1,B,BM,FC,NA,655,110,765,
24Jul2023,1,C,CM,DB,east,298,0,298,
24Jul2023,1,C,CM,DB,west,497,0,497,
24Jul2023,1,D,CM,AS,NA,0,0,0,
24Jul2023,1,E,CM,FC,NA,691,26,717,
24Jul2023,1,F,SM,DB,east,681,0,681,
24Jul2023,1,F,SM,DB,west,92,0,92,
24Jul2023,1,G,BM,AS,NA,0,0,0,
24Jul2023,1,H,SM,FC,NA,832,0,832,
24Jul2023,1,I,BM,DB,east,639,0,639,
24Jul2023,1,I,BM,DB,west,71,0,71,
24Jul2023,2,A,CM,FC,NA,160,79,239,
24Jul2023,2,B,SM,DB,east,620,0,620,
24Jul2023,2,B,SM,DB,west,0,0,0,
24Jul2023,2,C,CM,AS,NA,0,0,0,
24Jul2023,2,D,BM,FC,NA,402,18,420,
24Jul2023,2,E,BM,DB,east,581,0,581,
24Jul2023,2,E,BM,DB,west,16,0,16,
24Jul2023,2,F,BM,AS,NA,0,0,0,
24Jul2023,2,G,SM,FC,NA,716,0,716,
24Jul2023,2,H,CM,DB,east,333,0,333,
24Jul2023,2,H,CM,DB,west,241,0,241,
24Jul2023,2,I,SM,AS,NA,0,0,0,
24Jul2023,3,A,BM,DB,east,169,0,169,
24Jul2023,3,A,BM,DB,west,10,0,10,
24Jul2023,3,B,CM,FC,NA,475,24,499,
24Jul2023,3,C,SM,AS,NA,18,0,18,
24Jul2023,3,D,SM,DB,east,126,0,126,
24Jul2023,3,D,SM,DB,west,7,0,7,
24Jul2023,3,E,BM,FC,NA,346,0,346,
24Jul2023,3,F,BM,AS,NA,0,0,0,
24Jul2023,3,G,CM,DB,east,46,0,46,
24Jul2023,3,G,CM,DB,west,423,0,423,
24Jul2023,3,H,SM,FC,NA,525,39,564,
24Jul2023,3,I,CM,AS,NA,0,0,0,
24Jul2023,4,A,SM,FC,NA,701,0,701,
24Jul2023,4,B,CM,DB,east,0,0,0,
24Jul2023,4,B,CM,DB,west,518,0,518,
24Jul2023,4,C,BM,AS,NA,0,0,0,
24Jul2023,4,D,BM,FC,NA,692,0,692,
24Jul2023,4,E,BM,DB,east,16,0,16,
24Jul2023,4,E,BM,DB,west,232,0,232,
24Jul2023,4,F,SM,AS,NA,0,0,0,
24Jul2023,4,G,CM,FC,NA,678,50,728,
24Jul2023,4,H,SM,DB,east,642,0,642,
24Jul2023,4,H,SM,DB,west,275,0,275,
24Jul2023,4,I,CM,AS,NA,0,0,0,
24Jul2023,5,A,CM,AS,NA,0,0,0,
24Jul2023,5,B,CM,AS,NA,0,0,0,
24Jul2023,5,C,SM,AS,NA,10,2,12,
24Jul2023,5,D,SM,AS,NA,0,0,0,
24Jul2023,5,E,BM,AS,NA,11,0,11,
24Jul2023,5,F,CM,AS,NA,5,0,5,
24Jul2023,5,G,BM,AS,NA,0,0,0,
24Jul2023,5,H,SM,AS,NA,8,0,8,
24Jul2023,5,I,BM,AS,NA,0,0,0,
24Jul2023,edge,edge,edge,AS,NA,NA,NA,30,
24Jul2023,edge,edge,edge,DB,NA,NA,NA,6508,
24Jul2023,edge,edge,edge,FC,NA,NA,NA,6289,
27Jul2023,1,A,SM,AS,NA,0,0,0,
27Jul2023,1,B,BM,FC,NA,374,44,418,
27Jul2023,1,C,CM,DB,east,391,0,391,
27Jul2023,1,C,CM,DB,west,858,0,858,
27Jul2023,1,D,CM,AS,NA,0,0,0,
27Jul2023,1,E,CM,FC,NA,195,0,195,
27Jul2023,1,F,SM,DB,east,703,0,703,
27Jul2023,1,F,SM,DB,west,412,0,412,
27Jul2023,1,G,BM,AS,NA,0,0,0,
27Jul2023,1,H,SM,FC,NA,323,15,338,
27Jul2023,1,I,BM,DB,east,593,0,593,
27Jul2023,1,I,BM,DB,west,482,0,482,
27Jul2023,2,A,CM,FC,NA,81,24,105,
27Jul2023,2,B,SM,DB,east,384,0,384,
27Jul2023,2,B,SM,DB,west,0,0,0,
27Jul2023,2,C,CM,AS,NA,0,0,0,
27Jul2023,2,D,BM,FC,NA,178,0,178,
27Jul2023,2,E,BM,DB,east,578,0,578,
27Jul2023,2,E,BM,DB,west,90,0,90,
27Jul2023,2,F,BM,AS,NA,0,0,0,
27Jul2023,2,G,SM,FC,NA,336,0,336,
27Jul2023,2,H,CM,DB,east,382,0,382,
27Jul2023,2,H,CM,DB,west,417,0,417,
27Jul2023,2,I,SM,AS,NA,0,0,0,
27Jul2023,3,A,BM,DB,west,77,0,77,
27Jul2023,3,A,BM,DB,east,516,0,516,
27Jul2023,3,B,CM,FC,NA,146,21,167,
27Jul2023,3,C,SM,AS,NA,0,0,0,
27Jul2023,3,D,SM,DB,west,52,0,52,
27Jul2023,3,D,SM,DB,east,215,0,215,
27Jul2023,3,E,BM,FC,NA,442,0,442,
27Jul2023,3,F,BM,AS,NA,0,0,0,
27Jul2023,3,G,CM,DB,east,193,0,193,
27Jul2023,3,G,CM,DB,west,571,0,571,
27Jul2023,3,H,SM,FC,NA,502,0,502,
27Jul2023,3,I,CM,AS,NA,0,0,0,
27Jul2023,4,A,SM,FC,NA,419,0,419,
27Jul2023,4,B,CM,DB,west,936,0,936,
27Jul2023,4,B,CM,DB,east,0,0,0,
27Jul2023,4,C,BM,AS,NA,0,0,0,
27Jul2023,4,D,BM,FC,NA,435,0,435,
27Jul2023,4,E,BM,DB,east,152,0,152,
27Jul2023,4,E,BM,DB,west,310,0,310,
27Jul2023,4,F,SM,AS,NA,0,0,0,
27Jul2023,4,G,CM,FC,NA,541,0,541,
27Jul2023,4,H,SM,DB,west,528,0,528,
27Jul2023,4,H,SM,DB,east,449,0,449,
27Jul2023,4,I,CM,AS,NA,0,0,0,
27Jul2023,5,A,CM,AS,NA,0,0,0,
27Jul2023,5,B,CM,AS,NA,0,0,0,
27Jul2023,5,C,SM,AS,NA,0,1,1,
27Jul2023,5,D,SM,AS,NA,0,1,1,
27Jul2023,5,E,BM,AS,NA,0,5,5,
27Jul2023,5,F,CM,AS,NA,0,0,0,
27Jul2023,5,G,BM,AS,NA,0,1,1,
27Jul2023,5,H,SM,AS,NA,0,0,0,
27Jul2023,5,I,BM,AS,NA,0,0,0,
27Jul2023,edge,edge,edge,AS,NA,NA,NA,2,
27Jul2023,edge,edge,edge,FC,NA,NA,NA,5018,
27Jul2023,edge,edge,edge,DB,NA,NA,NA,10648,
31Jul2023,1,A,SM,AS,NA,0,0,0,
31Jul2023,1,B,BM,FC,NA,457,0,457,
31Jul2023,1,C,CM,DB,east,575,0,575,
31Jul2023,1,C,CM,DB,west,713,0,713,
31Jul2023,1,D,CM,AS,NA,0,0,0,
31Jul2023,1,E,CM,FC,NA,573,30,603,
31Jul2023,1,F,SM,DB,west,388,0,388,
31Jul2023,1,F,SM,DB,east,1435,0,1435,
31Jul2023,1,G,BM,AS,NA,0,0,0,
31Jul2023,1,H,SM,FC,NA,590,0,590,
31Jul2023,1,I,BM,DB,west,425,0,425,
31Jul2023,1,I,BM,DB,east,1328,0,1328,
31Jul2023,2,A,CM,FC,NA,281,95,376,
31Jul2023,2,B,SM,DB,east,805,0,805,
31Jul2023,2,B,SM,DB,west,302,0,302,
31Jul2023,2,C,CM,AS,NA,0,0,0,
31Jul2023,2,D,BM,FC,NA,580,111,691,
31Jul2023,2,E,BM,DB,east,876,0,876,
31Jul2023,2,E,BM,DB,west,380,0,380,
31Jul2023,2,F,BM,AS,NA,0,1,1,
31Jul2023,2,G,SM,FC,NA,690,70,760,
31Jul2023,2,H,CM,DB,east,960,0,960,
31Jul2023,2,H,CM,DB,west,633,0,633,
31Jul2023,2,I,SM,AS,NA,0,0,0,
31Jul2023,3,A,BM,DB,east,597,0,597,
31Jul2023,3,A,BM,DB,west,366,0,366,
31Jul2023,3,B,CM,FC,NA,480,48,528,
31Jul2023,3,C,SM,AS,NA,7,0,7,
31Jul2023,3,D,SM,DB,east,632,0,632,
31Jul2023,3,D,SM,DB,west,373,0,373,
31Jul2023,3,E,BM,FC,NA,730,13,743,
31Jul2023,3,F,BM,AS,NA,0,0,0,
31Jul2023,3,G,CM,DB,east,660,0,660,
31Jul2023,3,G,CM,DB,west,1349,0,1349,
31Jul2023,3,H,SM,FC,NA,781,0,781,
31Jul2023,3,I,CM,AS,NA,0,0,0,
31Jul2023,4,A,SM,FC,NA,409,0,409,
31Jul2023,4,B,CM,DB,east,170,0,170,
31Jul2023,4,B,CM,DB,west,923,0,923,
31Jul2023,4,D,BM,FC,NA,652,42,694,
31Jul2023,4,E,BM,DB,east,314,0,314,
31Jul2023,4,E,BM,DB,west,440,0,440,
31Jul2023,4,G,CM,FC,NA,890,16,906,
31Jul2023,4,H,SM,DB,east,1089,0,1089,
31Jul2023,4,H,SM,DB,west,766,0,766,
31Jul2023,4,C,BM,AS,NA,0,0,0,
31Jul2023,4,F,SM,AS,NA,0,0,0,
31Jul2023,4,I,CM,AS,NA,0,0,0,
31Jul2023,5,A,CM,AS,NA,0,0,0,
31Jul2023,5,B,CM,AS,NA,0,0,0,
31Jul2023,5,C,SM,AS,NA,0,0,0,
31Jul2023,5,D,SM,AS,NA,8,0,8,
31Jul2023,5,E,BM,AS,NA,7,0,7,
31Jul2023,5,F,CM,AS,NA,0,0,0,
31Jul2023,5,G,BM,AS,NA,0,0,0,
31Jul2023,5,H,SM,AS,NA,0,0,0,
31Jul2023,5,I,BM,AS,NA,0,4,4,
31Jul2023,edge,edge,edge,DB,NA,NA,NA,16556,
31Jul2023,edge,edge,edge,FC,NA,NA,NA,8155,
3Aug2023,1,A,SM,AS,NA,0,0,0,
3Aug2023,1,B,BM,FC,NA,499,0,499,
3Aug2023,1,C,CM,DB,east,519,0,519,
3Aug2023,1,C,CM,DB,west,682,0,682,
3Aug2023,1,D,CM,AS,NA,0,0,0,
3Aug2023,1,E,CM,FC,NA,143,0,143,
3Aug2023,1,F,SM,DB,east,896,0,896,
3Aug2023,1,F,SM,DB,west,374,0,374,
3Aug2023,1,G,BM,AS,NA,0,0,0,
3Aug2023,1,H,SM,FC,NA,406,0,406,
3Aug2023,1,I,BM,DB,east,571,0,571,
3Aug2023,1,I,BM,DB,west,698,0,698,
3Aug2023,2,A,CM,FC,NA,70,17,87,
3Aug2023,2,B,SM,DB,east,776,0,776,check 31g versus 11 g
3Aug2023,2,B,SM,DB,west,96,0,96,
3Aug2023,2,C,CM,AS,NA,0,0,0,
3Aug2023,2,D,BM,FC,NA,208,0,208,
3Aug2023,2,E,BM,DB,east,718,0,718,
3Aug2023,2,E,BM,DB,west,360,0,360,
3Aug2023,2,F,BM,AS,NA,0,0,0,
3Aug2023,2,G,SM,FC,NA,157,76,233,
3Aug2023,2,H,CM,DB,east,1012,0,1012,
3Aug2023,2,H,CM,DB,west,771,0,771,
3Aug2023,2,I,SM,AS,NA,0,0,0,
3Aug2023,3,A,BM,DB,east,507,0,507,
3Aug2023,3,A,BM,DB,west,549,0,549,
3Aug2023,3,B,CM,FC,NA,80,24,104,
3Aug2023,3,C,SM,AS,NA,0,0,0,
3Aug2023,3,E,BM,FC,NA,336,0,336,
3Aug2023,3,F,BM,AS,NA,14,0,14,
3Aug2023,3,H,SM,FC,NA,392,0,392,
3Aug2023,3,I,CM,AS,NA,0,0,0,
3Aug2023,4,A,SM,FC,NA,368,0,368,
3Aug2023,4,C,BM,AS,NA,0,0,0,
3Aug2023,4,D,BM,FC,NA,539,0,539,
3Aug2023,4,F,SM,AS,NA,0,0,0,
3Aug2023,4,G,CM,FC,NA,461,0,461,
3Aug2023,4,I,CM,AS,NA,12,0,12,
3Aug2023,5,A,CM,AS,NA,0,0,0,
3Aug2023,5,B,CM,AS,NA,0,0,0,
3Aug2023,5,C,SM,AS,NA,0,1,1,
3Aug2023,5,D,SM,AS,NA,0,0,0,
3Aug2023,5,E,BM,AS,NA,0,0,0,
3Aug2023,5,F,CM,AS,NA,0,0,0,
3Aug2023,5,G,BM,AS,NA,0,0,0,
3Aug2023,5,H,SM,AS,NA,0,0,0,
3Aug2023,5,I,BM,AS,NA,0,0,0,
3Aug2023,edge,edge,edge,AS,NA,NA,NA,20,
3Aug2023,edge,edge,edge,DB,NA,NA,NA,8529,
3Aug2023,edge,edge,edge,FC,NA,NA,NA,3677,