date_collected,block,plot,treatment,crop,direction,marketable_g,unmarketable_g,total_g,biomass_g,notes
6/29/2023,1,A,SM,AS,NA,0,0,0,NA,
6/29/2023,1,B,BM,FC,NA,364.17,462.34,826.51,NA,
6/29/2023,1,C,CM,DB,east,0,0,0,NA,
6/29/2023,1,C,CM,DB,west,0,0,0,NA,
6/29/2023,1,D,CM,AS,NA,0,0,0,NA,
6/29/2023,1,E,CM,FC,NA,816.11,313.12,1129.23,NA,
6/29/2023,1,F,SM,DB,west,0,0,0,NA,
6/29/2023,1,F,SM,DB,east,0,0,0,NA,
6/29/2023,1,G,BM,AS,NA,0,0,0,NA,
6/29/2023,1,H,SM,FC,NA,1367.7,395.04,1762.74,NA,
6/29/2023,1,I,BM,DB,west,0,0,0,NA,
6/29/2023,1,I,BM,DB,east,0,0,0,NA,
6/29/2023,2,A,CM,FC,NA,910.3,405.7,1316,NA,
6/29/2023,2,B,SM,DB,east,0,0,0,NA,
6/29/2023,2,B,SM,DB,west,0,0,0,NA,
6/29/2023,2,C,CM,AS,NA,0,0,0,NA,
6/29/2023,2,D,BM,FC,NA,729.75,444.92,1174.67,NA,
6/29/2023,2,E,BM,DB,east,0,0,0,NA,
6/29/2023,2,E,BM,DB,west,0,0,0,NA,
6/29/2023,2,F,BM,AS,NA,0,0,0,NA,
6/29/2023,2,G,SM,FC,NA,1073.89,505.72,1579.61,NA,
6/29/2023,2,H,CM,DB,east,0,0,0,NA,
6/29/2023,2,H,CM,DB,west,0,0,0,NA,
6/29/2023,2,I,SM,AS,NA,0,0,0,NA,
6/29/2023,3,A,BM,DB,east,0,0,0,NA,
6/29/2023,3,A,BM,DB,west,0,0,0,NA,
6/29/2023,3,B,CM,FC,NA,0,0,0,NA,
6/29/2023,3,C,SM,AS,NA,0,0,0,NA,
6/29/2023,3,D,SM,DB,east,0,0,0,NA,
6/29/2023,3,D,SM,DB,west,0,0,0,NA,
6/29/2023,3,E,BM,FC,NA,106.31,130.2,236.51,NA,
6/29/2023,3,F,BM,AS,NA,0,0,0,NA,
6/29/2023,3,G,CM,DB,east,0,0,0,NA,
6/29/2023,3,G,CM,DB,west,0,0,0,NA,
6/29/2023,3,H,SM,FC,NA,727.35,1054.51,1781.86,NA,
6/29/2023,3,I,CM,AS,NA,0,0,0,NA,
6/29/2023,4,A,SM,FC,NA,875.78,710.99,1586.77,NA,
6/29/2023,4,B,CM,DB,east,0,0,0,NA,
6/29/2023,4,B,CM,DB,west,0,0,0,NA,
6/29/2023,4,C,BM,AS,NA,0,0,0,NA,
6/29/2023,4,D,BM,FC,NA,132.85,146.62,279.47,NA,
6/29/2023,4,E,BM,DB,east,0,0,0,NA,
6/29/2023,4,E,BM,DB,west,0,0,0,NA,
6/29/2023,4,F,SM,AS,NA,0,0,0,NA,
6/29/2023,4,G,CM,FC,NA,0,0,0,NA,
6/29/2023,4,H,SM,DB,east,0,0,0,NA,
6/29/2023,4,H,SM,DB,west,0,0,0,NA,
6/29/2023,4,I,CM,AS,NA,0,0,0,NA,
6/29/2023,5,A,CM,AS,NA,0,0,0,NA,
6/29/2023,5,B,CM,AS,NA,0,0,0,NA,
6/29/2023,5,C,SM,AS,NA,0,0,0,NA,
6/29/2023,5,D,SM,AS,NA,0,0,0,NA,
6/29/2023,5,E,BM,AS,NA,0,0,0,NA,
6/29/2023,5,F,CM,AS,NA,0,0,0,NA,
6/29/2023,5,G,BM,AS,NA,0,0,0,NA,
6/29/2023,5,H,SM,AS,NA,0,0,0,NA,
6/29/2023,5,I,BM,AS,NA,0,0,0,NA,
6/29/2023,edge,edge,edge,FC,NA,NA,NA,10010.88,NA,
7/1/2023,1,A,SM,AS,NA,0,0,0,NA,
7/1/2023,1,B,BM,FC,NA,0,0,0,NA,
7/1/2023,1,C,CM,DB,east,0,0,0,NA,
7/1/2023,1,C,CM,DB,west,0,0,0,NA,
7/1/2023,1,D,CM,AS,NA,0,0,0,NA,
7/1/2023,1,E,CM,FC,NA,0,0,0,NA,
7/1/2023,1,F,SM,DB,west,0,0,0,NA,
7/1/2023,1,F,SM,DB,east,0,0,0,NA,
7/1/2023,1,G,BM,AS,NA,40,7,47,NA,
7/1/2023,1,H,SM,FC,NA,0,0,0,NA,
7/1/2023,1,I,BM,DB,west,0,0,0,NA,
7/1/2023,1,I,BM,DB,east,0,0,0,NA,
7/1/2023,2,A,CM,FC,NA,0,0,0,NA,
7/1/2023,2,B,SM,DB,east,0,0,0,NA,
7/1/2023,2,B,SM,DB,west,0,0,0,NA,
7/1/2023,2,C,CM,AS,NA,0,0,0,NA,
7/1/2023,2,D,BM,FC,NA,0,0,0,NA,
7/1/2023,2,E,BM,DB,east,0,0,0,NA,
7/1/2023,2,E,BM,DB,west,0,0,0,NA,
7/1/2023,2,F,BM,AS,NA,0,17,17,NA,
7/1/2023,2,G,SM,FC,NA,0,0,0,NA,
7/1/2023,2,H,CM,DB,east,0,0,0,NA,
7/1/2023,2,H,CM,DB,west,0,0,0,NA,
7/1/2023,2,I,SM,AS,NA,30,10,40,NA,
7/1/2023,3,A,BM,DB,east,0,0,0,NA,
7/1/2023,3,A,BM,DB,west,0,0,0,NA,
7/1/2023,3,B,CM,FC,NA,0,0,0,NA,
7/1/2023,3,C,SM,AS,NA,0,0,0,NA,
7/1/2023,3,D,SM,DB,east,0,0,0,NA,
7/1/2023,3,D,SM,DB,west,0,0,0,NA,
7/1/2023,3,E,BM,FC,NA,0,0,0,NA,
7/1/2023,3,F,BM,AS,NA,0,0,0,NA,
7/1/2023,3,G,CM,DB,east,0,0,0,NA,
7/1/2023,3,G,CM,DB,west,0,0,0,NA,
7/1/2023,3,H,SM,FC,NA,0,0,0,NA,
7/1/2023,3,I,CM,AS,NA,0,0,0,NA,
7/1/2023,4,A,SM,FC,NA,0,0,0,NA,
7/1/2023,4,B,CM,DB,east,0,0,0,NA,
7/1/2023,4,B,CM,DB,west,0,0,0,NA,
7/1/2023,4,C,BM,AS,NA,5,0,5,NA,
7/1/2023,4,D,BM,FC,NA,0,0,0,NA,
7/1/2023,4,E,BM,DB,east,0,0,0,NA,
7/1/2023,4,E,BM,DB,west,0,0,0,NA,
7/1/2023,4,F,SM,AS,NA,8,13,21,NA,
7/1/2023,4,G,CM,FC,NA,0,0,0,NA,
7/1/2023,4,H,SM,DB,east,0,0,0,NA,
7/1/2023,4,H,SM,DB,west,0,0,0,NA,
7/1/2023,4,I,CM,AS,NA,6,8,14,NA,
7/1/2023,5,A,CM,AS,NA,0,0,0,NA,
7/1/2023,5,B,CM,AS,NA,0,0,0,NA,
7/1/2023,5,C,SM,AS,NA,0,0,0,NA,
7/1/2023,5,D,SM,AS,NA,0,0,0,NA,
7/1/2023,5,E,BM,AS,NA,0,0,0,NA,
7/1/2023,5,F,CM,AS,NA,0,0,0,NA,
7/1/2023,5,G,BM,AS,NA,0,0,0,NA,
7/1/2023,5,H,SM,AS,NA,0,0,0,NA,
7/1/2023,5,I,BM,AS,NA,0,0,0,NA,
7/1/2023,edge,edge,edge,AS,NA,NA,NA,225,NA,
7/3/2023,1,A,SM,AS,NA,19.37,5.48,24.85,NA,
7/3/2023,1,B,BM,FC,NA,218.22,160.76,378.98,NA,
7/3/2023,1,C,CM,DB,east,0,0,0,NA,
7/3/2023,1,C,CM,DB,west,0,0,0,NA,
7/3/2023,1,D,CM,AS,NA,39.3,25.3,64.6,NA,
7/3/2023,1,E,CM,FC,NA,379.5,443.49,822.99,NA,
7/3/2023,1,F,SM,DB,west,0,0,0,NA,
7/3/2023,1,F,SM,DB,east,0,0,0,NA,
7/3/2023,1,G,BM,AS,NA,32.7,1.65,34.35,NA,
7/3/2023,1,H,SM,FC,NA,432.63,80.73,513.36,NA,
7/3/2023,1,I,BM,DB,west,0,0,0,NA,
7/3/2023,1,I,BM,DB,east,0,0,0,NA,
7/3/2023,2,A,CM,FC,NA,374.43,474.28,848.71,NA,
7/3/2023,2,B,SM,DB,east,0,0,0,NA,
7/3/2023,2,B,SM,DB,west,0,0,0,NA,
7/3/2023,2,C,CM,AS,NA,36.91,15.15,52.06,NA,
7/3/2023,2,D,BM,FC,NA,492.27,276.88,769.15,NA,
7/3/2023,2,E,BM,DB,east,0,0,0,NA,
7/3/2023,2,E,BM,DB,west,0,0,0,NA,
7/3/2023,2,F,BM,AS,NA,0,11.48,11.48,NA,
7/3/2023,2,G,SM,FC,NA,551.03,237.19,788.22,NA,
7/3/2023,2,H,CM,DB,east,0,0,0,NA,
7/3/2023,2,H,CM,DB,west,0,0,0,NA,
7/3/2023,2,I,SM,AS,NA,44.23,16.45,60.68,NA,
7/3/2023,3,A,BM,DB,east,0,0,0,NA,
7/3/2023,3,A,BM,DB,west,0,0,0,NA,
7/3/2023,3,B,CM,FC,NA,226.41,244.14,470.55,NA,
7/3/2023,3,C,SM,AS,NA,16.29,7.23,23.52,NA,
7/3/2023,3,D,SM,DB,east,0,0,0,NA,
7/3/2023,3,D,SM,DB,west,0,0,0,NA,
7/3/2023,3,E,BM,FC,NA,295.52,488.38,783.9,NA,
7/3/2023,3,F,BM,AS,NA,0,0,0,NA,
7/3/2023,3,G,CM,DB,east,0,0,0,NA,
7/3/2023,3,G,CM,DB,west,0,0,0,NA,
7/3/2023,3,H,SM,FC,NA,382.21,491.47,873.68,NA,
7/3/2023,3,I,CM,AS,NA,44.25,20.31,64.56,NA,
7/3/2023,4,A,SM,FC,NA,529.02,362.74,891.76,NA,
7/3/2023,4,B,CM,DB,east,0,0,0,NA,
7/3/2023,4,B,CM,DB,west,0,0,0,NA,
7/3/2023,4,C,BM,AS,NA,4.98,0,4.98,NA,
7/3/2023,4,D,BM,FC,NA,319.9,424.83,744.73,NA,
7/3/2023,4,E,BM,DB,east,0,0,0,NA,
7/3/2023,4,E,BM,DB,west,0,0,0,NA,
7/3/2023,4,F,SM,AS,NA,42.74,13.62,56.36,NA,
7/3/2023,4,G,CM,FC,NA,28.79,532.34,561.13,NA,
7/3/2023,4,H,SM,DB,east,0,0,0,NA,
7/3/2023,4,H,SM,DB,west,0,0,0,NA,
7/3/2023,4,I,CM,AS,NA,12.48,4.95,17.43,NA,
7/3/2023,5,A,CM,AS,NA,39.24,0,39.24,NA,
7/3/2023,5,B,CM,AS,NA,8.92,5.83,14.75,NA,
7/3/2023,5,C,SM,AS,NA,68.54,17.63,86.17,NA,
7/3/2023,5,D,SM,AS,NA,49.13,0,49.13,NA,
7/3/2023,5,E,BM,AS,NA,35.92,24.53,60.45,NA,
7/3/2023,5,F,CM,AS,NA,34.87,18.16,53.03,NA,
7/3/2023,5,G,BM,AS,NA,0,4.36,4.36,NA,
7/3/2023,5,H,SM,AS,NA,7.35,0,7.35,NA,
7/3/2023,5,I,BM,AS,NA,50.2,12.58,62.78,NA,
7/3/2023,edge,edge,edge,AS,NA,NA,NA,761.86,NA,
7/3/2023,edge,edge,edge,FC,NA,NA,NA,9355.56,NA,
7/5/2023,1,A,SM,AS,NA,26.28,16.84,43.12,NA,
7/5/2023,1,B,BM,FC,NA,0,0,0,NA,
7/5/2023,1,C,CM,DB,east,0,0,0,NA,
7/5/2023,1,C,CM,DB,west,0,0,0,NA,
7/5/2023,1,D,CM,AS,NA,18.11,3.75,21.86,NA,
7/5/2023,1,E,CM,FC,NA,0,0,0,NA,
7/5/2023,1,F,SM,DB,west,0,0,0,NA,
7/5/2023,1,F,SM,DB,east,0,0,0,NA,
7/5/2023,1,G,BM,AS,NA,17.62,15.24,32.86,NA,
7/5/2023,1,H,SM,FC,NA,0,0,0,NA,
7/5/2023,1,I,BM,DB,west,0,0,0,NA,
7/5/2023,1,I,BM,DB,east,0,0,0,NA,
7/5/2023,2,A,CM,FC,NA,0,0,0,NA,
7/5/2023,2,B,SM,DB,east,0,0,0,NA,
7/5/2023,2,B,SM,DB,west,0,0,0,NA,
7/5/2023,2,C,CM,AS,NA,7.22,5.92,13.14,NA,
7/5/2023,2,D,BM,FC,NA,0,0,0,NA,
7/5/2023,2,E,BM,DB,east,0,0,0,NA,
7/5/2023,2,E,BM,DB,west,0,0,0,NA,
7/5/2023,2,F,BM,AS,NA,17.81,7.43,25.24,NA,
7/5/2023,2,G,SM,FC,NA,0,0,0,NA,
7/5/2023,2,H,CM,DB,east,0,0,0,NA,
7/5/2023,2,H,CM,DB,west,0,0,0,NA,
7/5/2023,2,I,SM,AS,NA,28.31,11.46,39.77,NA,
7/5/2023,3,A,BM,DB,east,0,0,0,NA,
7/5/2023,3,A,BM,DB,west,0,0,0,NA,
7/5/2023,3,B,CM,FC,NA,0,0,0,NA,
7/5/2023,3,C,SM,AS,NA,31.2,0,31.2,NA,
7/5/2023,3,D,SM,DB,east,0,0,0,NA,
7/5/2023,3,D,SM,DB,west,0,0,0,NA,
7/5/2023,3,E,BM,FC,NA,0,0,0,NA,
7/5/2023,3,F,BM,AS,NA,46.52,0,46.52,NA,
7/5/2023,3,G,CM,DB,east,0,0,0,NA,
7/5/2023,3,G,CM,DB,west,0,0,0,NA,
7/5/2023,3,H,SM,FC,NA,0,0,0,NA,
7/5/2023,3,I,CM,AS,NA,27.13,8.37,35.5,NA,
7/5/2023,4,A,SM,FC,NA,0,0,0,NA,
7/5/2023,4,B,CM,DB,east,0,0,0,NA,
7/5/2023,4,B,CM,DB,west,0,0,0,NA,
7/5/2023,4,C,BM,AS,NA,0,8.67,8.67,NA,
7/5/2023,4,D,BM,FC,NA,0,0,0,NA,
7/5/2023,4,E,BM,DB,east,0,0,0,NA,
7/5/2023,4,E,BM,DB,west,0,0,0,NA,
7/5/2023,4,F,SM,AS,NA,42.7,17.97,60.67,NA,
7/5/2023,4,G,CM,FC,NA,0,0,0,NA,
7/5/2023,4,H,SM,DB,east,0,0,0,NA,
7/5/2023,4,H,SM,DB,west,0,0,0,NA,
7/5/2023,4,I,CM,AS,NA,8.01,9.94,17.95,NA,
7/5/2023,5,A,CM,AS,NA,10.9,9.79,20.69,NA,
7/5/2023,5,B,CM,AS,NA,0,0,0,NA,
7/5/2023,5,C,SM,AS,NA,9.61,0,9.61,NA,
7/5/2023,5,D,SM,AS,NA,8.74,0,8.74,NA,
7/5/2023,5,E,BM,AS,NA,16.74,7.83,24.57,NA,
7/5/2023,5,F,CM,AS,NA,24.49,6.4,30.89,NA,
7/5/2023,5,G,BM,AS,NA,5.9,10.05,15.95,NA,
7/5/2023,5,H,SM,AS,NA,53.97,0,53.97,NA,
7/5/2023,5,I,BM,AS,NA,3.92,10.17,14.09,NA,
7/5/2023,edge,edge,edge,AS,NA,NA,NA,504.7,NA,
7/7/2023,1,A,SM,AS,NA,7,11,18,NA,
7/7/2023,1,B,BM,FC,NA,660,189,849,NA,
7/7/2023,1,C,CM,DB,east,0,0,0,NA,
7/7/2023,1,C,CM,DB,west,0,0,0,NA,
7/7/2023,1,D,CM,AS,NA,37,0,37,NA,
7/7/2023,1,E,CM,FC,NA,804,380,1184,NA,
7/7/2023,1,F,SM,DB,west,0,0,0,NA,
7/7/2023,1,F,SM,DB,east,0,0,0,NA,
7/7/2023,1,G,BM,AS,NA,8,7,15,NA,
7/7/2023,1,H,SM,FC,NA,623,348,971,NA,
7/7/2023,1,I,BM,DB,west,0,0,0,NA,
7/7/2023,1,I,BM,DB,east,0,0,0,NA,
7/7/2023,2,A,CM,FC,NA,700,92,792,NA,
7/7/2023,2,B,SM,DB,east,0,0,0,NA,
7/7/2023,2,B,SM,DB,west,0,0,0,NA,
7/7/2023,2,C,CM,AS,NA,29,11,40,NA,
7/7/2023,2,D,BM,FC,NA,442,241,683,NA,
7/7/2023,2,E,BM,DB,east,0,0,0,NA,
7/7/2023,2,E,BM,DB,west,0,0,0,NA,
7/7/2023,2,F,BM,AS,NA,24,13,37,NA,
7/7/2023,2,G,SM,FC,NA,574,265,839,NA,
7/7/2023,2,H,CM,DB,east,0,0,0,NA,
7/7/2023,2,H,CM,DB,west,0,0,0,NA,
7/7/2023,2,I,SM,AS,NA,11,1,12,NA,
7/7/2023,3,A,BM,DB,east,0,0,0,NA,
7/7/2023,3,A,BM,DB,west,0,0,0,NA,
7/7/2023,3,B,CM,FC,NA,578,272,850,NA,
7/7/2023,3,C,SM,AS,NA,14,0,14,NA,
7/7/2023,3,D,SM,DB,east,0,0,0,NA,
7/7/2023,3,D,SM,DB,west,0,0,0,NA,
7/7/2023,3,E,BM,FC,NA,769,279,1048,NA,
7/7/2023,3,F,BM,AS,NA,6,0,6,NA,
7/7/2023,3,G,CM,DB,east,0,0,0,NA,
7/7/2023,3,G,CM,DB,west,0,0,0,NA,
7/7/2023,3,H,SM,FC,NA,538,303,841,NA,
7/7/2023,3,I,CM,AS,NA,29,0,29,NA,
7/7/2023,4,A,SM,FC,NA,208,205,413,NA,
7/7/2023,4,B,CM,DB,east,0,0,0,NA,
7/7/2023,4,B,CM,DB,west,0,0,0,NA,
7/7/2023,4,C,BM,AS,NA,8,8,16,NA,
7/7/2023,4,D,BM,FC,NA,520,398,918,NA,
7/7/2023,4,E,BM,DB,east,0,0,0,NA,
7/7/2023,4,E,BM,DB,west,0,0,0,NA,
7/7/2023,4,F,SM,AS,NA,27,6,33,NA,
7/7/2023,4,G,CM,FC,NA,482,233,715,NA,
7/7/2023,4,H,SM,DB,east,0,0,0,NA,
7/7/2023,4,H,SM,DB,west,0,0,0,NA,
7/7/2023,4,I,CM,AS,NA,11,3,14,NA,
7/7/2023,5,A,CM,AS,NA,27,0,27,NA,
7/7/2023,5,B,CM,AS,NA,0,2,2,NA,
7/7/2023,5,C,SM,AS,NA,9,7,16,NA,
7/7/2023,5,D,SM,AS,NA,2,7,9,NA,
7/7/2023,5,E,BM,AS,NA,10,0,10,NA,
7/7/2023,5,F,CM,AS,NA,37,23,60,NA,
7/7/2023,5,G,BM,AS,NA,0,0,0,NA,
7/7/2023,5,H,SM,AS,NA,5,0,5,NA,
7/7/2023,5,I,BM,AS,NA,27,1,28,NA,
7/7/2023,edge,edge,edge,AS,NA,NA,NA,552,NA,
7/7/2023,edge,edge,edge,FC,NA,NA,NA,9074,NA,
7/10/2023,1,A,SM,AS,NA,28.5,3.2,31.7,NA,
7/10/2023,1,B,BM,FC,NA,0,102,102,NA,
7/10/2023,1,C,CM,DB,east,0,0,0,NA,
7/10/2023,1,C,CM,DB,west,0,0,0,NA,
7/10/2023,1,D,CM,AS,NA,24.1,2.2,26.3,NA,
7/10/2023,1,E,CM,FC,NA,269,212,481,NA,
7/10/2023,1,F,SM,DB,west,0,0,0,NA,
7/10/2023,1,F,SM,DB,east,0,0,0,NA,
7/10/2023,1,G,BM,AS,NA,21.3,0,21.3,NA,
7/10/2023,1,H,SM,FC,NA,241,165,406,NA,
7/10/2023,1,I,BM,DB,west,0,0,0,NA,
7/10/2023,1,I,BM,DB,east,0,0,0,NA,
7/10/2023,2,A,CM,FC,NA,105,102,207,NA,
7/10/2023,2,B,SM,DB,east,0,0,0,NA,
7/10/2023,2,B,SM,DB,west,0,0,0,NA,
7/10/2023,2,C,CM,AS,NA,18.3,0,18.3,NA,
7/10/2023,2,D,BM,FC,NA,214,146,360,NA,
7/10/2023,2,E,BM,DB,east,0,0,0,NA,
7/10/2023,2,E,BM,DB,west,0,0,0,NA,
7/10/2023,2,F,BM,AS,NA,18,8.6,26.6,NA,
7/10/2023,2,G,SM,FC,NA,223,189,412,NA,
7/10/2023,2,H,CM,DB,east,0,0,0,NA,
7/10/2023,2,H,CM,DB,west,0,0,0,NA,
7/10/2023,2,I,SM,AS,NA,19.8,7.6,27.4,NA,
7/10/2023,3,A,BM,DB,east,0,0,0,NA,
7/10/2023,3,A,BM,DB,west,0,0,0,NA,
7/10/2023,3,B,CM,FC,NA,218,139,357,NA,
7/10/2023,3,C,SM,AS,NA,12.7,6.5,19.2,NA,
7/10/2023,3,D,SM,DB,east,0,0,0,NA,
7/10/2023,3,D,SM,DB,west,0,0,0,NA,
7/10/2023,3,E,BM,FC,NA,106,201,307,NA,
7/10/2023,3,F,BM,AS,NA,26.3,8.9,35.2,NA,
7/10/2023,3,G,CM,DB,east,0,0,0,NA,
7/10/2023,3,G,CM,DB,west,0,0,0,NA,
7/10/2023,3,H,SM,FC,NA,295,134,429,NA,
7/10/2023,3,I,CM,AS,NA,37.3,0.9,38.2,NA,
7/10/2023,4,A,SM,FC,NA,0,159,159,NA,
7/10/2023,4,B,CM,DB,east,0,0,0,NA,
7/10/2023,4,B,CM,DB,west,0,0,0,NA,
7/10/2023,4,C,BM,AS,NA,19.7,0,19.7,NA,
7/10/2023,4,D,BM,FC,NA,306,77,383,NA,
7/10/2023,4,E,BM,DB,east,0,0,0,NA,
7/10/2023,4,E,BM,DB,west,0,0,0,NA,
7/10/2023,4,F,SM,AS,NA,8.1,5,13.1,NA,
7/10/2023,4,G,CM,FC,NA,275,100,375,NA,
7/10/2023,4,H,SM,DB,east,0,0,0,NA,
7/10/2023,4,H,SM,DB,west,0,0,0,NA,
7/10/2023,4,I,CM,AS,NA,9.7,5.7,15.4,NA,
7/10/2023,5,A,CM,AS,NA,39.7,7.9,47.6,NA,
7/10/2023,5,B,CM,AS,NA,4.8,0,4.8,NA,
7/10/2023,5,C,SM,AS,NA,5.2,0,5.2,NA,
7/10/2023,5,D,SM,AS,NA,16.9,0,16.9,NA,
7/10/2023,5,E,BM,AS,NA,21,12.6,33.6,NA,
7/10/2023,5,F,CM,AS,NA,8,0,8,NA,
7/10/2023,5,G,BM,AS,NA,0,0,0,NA,
7/10/2023,5,H,SM,AS,NA,0,0,0,NA,
7/10/2023,5,I,BM,AS,NA,7.5,2.7,10.2,NA,
7/10/2023,edge,edge,edge,AS,NA,NA,NA,493.91,NA,
7/10/2023,edge,edge,edge,FC,NA,NA,NA,6163.7,NA,
7/13/2023,1,A,SM,AS,NA,10,0,10,NA,
7/13/2023,1,B,BM,FC,NA,226,255,481,NA,
7/13/2023,1,C,CM,DB,east,0,0,0,NA,
7/13/2023,1,C,CM,DB,west,0,0,0,NA,
7/13/2023,1,D,CM,AS,NA,0,0,0,NA,
7/13/2023,1,E,CM,FC,NA,158,188,346,NA,
7/13/2023,1,F,SM,DB,west,0,0,0,NA,
7/13/2023,1,F,SM,DB,east,0,0,0,NA,
7/13/2023,1,G,BM,AS,NA,15,0,15,NA,
7/13/2023,1,H,SM,FC,NA,181,377,558,NA,
7/13/2023,1,I,BM,DB,west,0,0,0,NA,
7/13/2023,1,I,BM,DB,east,0,0,0,NA,
7/13/2023,2,A,CM,FC,NA,194,71,265,NA,
7/13/2023,2,B,SM,DB,east,0,0,0,NA,
7/13/2023,2,B,SM,DB,west,0,0,0,NA,
7/13/2023,2,C,CM,AS,NA,22,0,22,NA,
7/13/2023,2,D,BM,FC,NA,187,117,304,NA,
7/13/2023,2,E,BM,DB,east,0,0,0,NA,
7/13/2023,2,E,BM,DB,west,0,0,0,NA,
7/13/2023,2,F,BM,AS,NA,30,0,30,NA,
7/13/2023,2,G,SM,FC,NA,253,116,369,NA,
7/13/2023,2,H,CM,DB,east,0,0,0,NA,
7/13/2023,2,H,CM,DB,west,0,0,0,NA,
7/13/2023,2,I,SM,AS,NA,0,0,0,NA,
7/13/2023,3,A,BM,DB,east,0,0,0,NA,
7/13/2023,3,A,BM,DB,west,0,0,0,NA,
7/13/2023,3,B,CM,FC,NA,183,116,299,NA,
7/13/2023,3,C,SM,AS,NA,12,2,14,NA,
7/13/2023,3,D,SM,DB,east,0,0,0,NA,
7/13/2023,3,D,SM,DB,west,0,0,0,NA,
7/13/2023,3,E,BM,FC,NA,227,19,246,NA,
7/13/2023,3,F,BM,AS,NA,5,0,5,NA,
7/13/2023,3,G,CM,DB,east,0,0,0,NA,
7/13/2023,3,G,CM,DB,west,0,0,0,NA,
7/13/2023,3,H,SM,FC,NA,127,0,127,NA,
7/13/2023,3,I,CM,AS,NA,25,1,26,NA,
7/13/2023,4,A,SM,FC,NA,203,175,378,NA,
7/13/2023,4,B,CM,DB,east,0,0,0,NA,
7/13/2023,4,B,CM,DB,west,0,0,0,NA,
7/13/2023,4,C,BM,AS,NA,0,0,0,NA,
7/13/2023,4,D,BM,FC,NA,430,37,467,NA,
7/13/2023,4,E,BM,DB,east,0,0,0,NA,
7/13/2023,4,E,BM,DB,west,0,0,0,NA,
7/13/2023,4,F,SM,AS,NA,0,1,1,NA,
7/13/2023,4,G,CM,FC,NA,392,50,442,NA,
7/13/2023,4,H,SM,DB,east,0,0,0,NA,
7/13/2023,4,H,SM,DB,west,0,0,0,NA,
7/13/2023,4,I,CM,AS,NA,10,12,22,NA,
7/13/2023,5,A,CM,AS,NA,18,0,18,NA,
7/13/2023,5,B,CM,AS,NA,9,0,9,NA,
7/13/2023,5,C,SM,AS,NA,10,5,15,NA,
7/13/2023,5,D,SM,AS,NA,0,0,0,NA,
7/13/2023,5,E,BM,AS,NA,4,0,4,NA,
7/13/2023,5,F,CM,AS,NA,14,0,14,NA,
7/13/2023,5,G,BM,AS,NA,12,0,12,NA,
7/13/2023,5,H,SM,AS,NA,18,0,18,NA,
7/13/2023,5,I,BM,AS,NA,0,1,1,NA,
7/13/2023,edge,edge,edge,AS,NA,NA,NA,188,NA,
7/13/2023,edge,edge,edge,FC,NA,NA,NA,4294,NA,
7/17/2023,1,A,SM,AS,NA,5,0,5,NA,
7/17/2023,1,B,BM,FC,NA,597,0,597,NA,
7/17/2023,1,C,CM,DB,east,0,0,0,NA,
7/17/2023,1,C,CM,DB,west,0,0,0,NA,
7/17/2023,1,D,CM,AS,NA,5,0,5,NA,
7/17/2023,1,E,CM,FC,NA,557,64,621,NA,
7/17/2023,1,F,SM,DB,west,0,0,0,NA,
7/17/2023,1,F,SM,DB,east,0,0,0,NA,
7/17/2023,1,G,BM,AS,NA,1,0,1,NA,
7/17/2023,1,H,SM,FC,NA,781,32,813,NA,
7/17/2023,1,I,BM,DB,west,0,0,0,NA,
7/17/2023,1,I,BM,DB,east,0,0,0,NA,
7/17/2023,2,A,CM,FC,NA,62,0,62,NA,
7/17/2023,2,B,SM,DB,east,0,0,0,NA,
7/17/2023,2,B,SM,DB,west,0,0,0,NA,
7/17/2023,2,C,CM,AS,NA,5,0,5,NA,
7/17/2023,2,D,BM,FC,NA,130,0,130,NA,
7/17/2023,2,E,BM,DB,east,0,0,0,NA,
7/17/2023,2,E,BM,DB,west,0,0,0,NA,
7/17/2023,2,F,BM,AS,NA,30,2,32,NA,
7/17/2023,2,G,SM,FC,NA,274,0,274,NA,
7/17/2023,2,H,CM,DB,east,0,0,0,NA,
7/17/2023,2,H,CM,DB,west,0,0,0,NA,
7/17/2023,2,I,SM,AS,NA,0,0,0,NA,
7/17/2023,3,A,BM,DB,east,0,0,0,NA,
7/17/2023,3,A,BM,DB,west,0,0,0,NA,
7/17/2023,3,B,CM,FC,NA,336,82,418,NA,
7/17/2023,3,C,SM,AS,NA,7,7,14,NA,
7/17/2023,3,D,SM,DB,east,0,0,0,NA,
7/17/2023,3,D,SM,DB,west,0,0,0,NA,
7/17/2023,3,E,BM,FC,NA,367,0,367,NA,
7/17/2023,3,F,BM,AS,NA,26,0,26,NA,
7/17/2023,3,G,CM,DB,east,0,0,0,NA,
7/17/2023,3,G,CM,DB,west,0,0,0,NA,
7/17/2023,3,H,SM,FC,NA,616,35,651,NA,
7/17/2023,3,I,CM,AS,NA,35,23,58,NA,
7/17/2023,4,A,SM,FC,NA,288,230,518,NA,
7/17/2023,4,B,CM,DB,east,0,0,0,NA,
7/17/2023,4,B,CM,DB,west,0,0,0,NA,
7/17/2023,4,C,BM,AS,NA,0,0,0,NA,
7/17/2023,4,D,BM,FC,NA,245,209,454,NA,
7/17/2023,4,E,BM,DB,east,0,0,0,NA,
7/17/2023,4,E,BM,DB,west,0,0,0,NA,
7/17/2023,4,F,SM,AS,NA,0,0,0,NA,
7/17/2023,4,G,CM,FC,NA,770,78,848,NA,
7/17/2023,4,H,SM,DB,east,0,0,0,NA,
7/17/2023,4,H,SM,DB,west,0,0,0,NA,
7/17/2023,4,I,CM,AS,NA,0,0,0,NA,
7/17/2023,5,A,CM,AS,NA,33,1,34,NA,
7/17/2023,5,B,CM,AS,NA,17,0,17,NA,
7/17/2023,5,C,SM,AS,NA,17,2,19,NA,
7/17/2023,5,D,SM,AS,NA,10,0,10,NA,
7/17/2023,5,E,BM,AS,NA,17,0,17,NA,
7/17/2023,5,F,CM,AS,NA,24,0,24,NA,
7/17/2023,5,G,BM,AS,NA,32,0,32,NA,
7/17/2023,5,H,SM,AS,NA,9,0,9,NA,
7/17/2023,5,I,BM,AS,NA,13,0,13,NA,
7/17/2023,edge,edge,edge,AS,NA,NA,NA,332,NA,
7/17/2023,edge,edge,edge,FC,NA,NA,NA,5066,NA,
7/20/2023,1,A,SM,AS,NA,7,0,7,NA,
7/20/2023,1,B,BM,FC,NA,552,92,644,NA,plot incorrectly marked as A on datasheet
7/20/2023,1,D,CM,AS,NA,0,6,6,NA,
7/20/2023,1,E,CM,FC,NA,416,36,452,NA,plot incorrectly marked as D on datasheet
7/20/2023,1,G,BM,AS,NA,0,12,12,NA,
7/20/2023,1,H,SM,FC,NA,443,65,508,NA,plot incorrectly marked as G on datasheet
7/20/2023,2,A,CM,FC,NA,303,121,424,NA,
7/20/2023,2,C,CM,AS,NA,0,0,0,NA,
7/20/2023,2,D,BM,FC,NA,248,0,248,NA,
7/20/2023,2,F,BM,AS,NA,0,4,4,NA,
7/20/2023,2,G,SM,FC,NA,434,64,498,NA,
7/20/2023,2,I,SM,AS,NA,0,4,4,NA,
7/20/2023,3,B,CM,FC,NA,427,41,468,NA,
7/20/2023,3,C,SM,AS,NA,3,0,3,NA,
7/20/2023,3,E,BM,FC,NA,353,35,388,NA,
7/20/2023,3,F,BM,AS,NA,0,0,0,NA,
7/20/2023,3,H,SM,FC,NA,522,30,552,NA,
7/20/2023,3,I,CM,AS,NA,11,0,11,NA,
7/20/2023,4,A,SM,FC,NA,689,233,922,NA,
7/20/2023,4,C,BM,AS,NA,0,0,0,NA,
7/20/2023,4,D,BM,FC,NA,642,0,642,NA,
7/20/2023,4,F,SM,AS,NA,0,0,0,NA,
7/20/2023,4,G,CM,FC,NA,333,40,373,NA,
7/20/2023,4,I,CM,AS,NA,0,3,3,NA,
7/20/2023,5,A,CM,AS,NA,9,8,17,NA,
7/20/2023,5,B,CM,AS,NA,23,0,23,NA,
7/20/2023,5,C,SM,AS,NA,10,0,10,NA,
7/20/2023,5,D,SM,AS,NA,7,0,7,NA,
7/20/2023,5,E,BM,AS,NA,18,3,21,NA,
7/20/2023,5,F,CM,AS,NA,22,0,22,NA,
7/20/2023,5,G,BM,AS,NA,9,0,9,NA,
7/20/2023,5,H,SM,AS,NA,5,0,5,NA,
7/20/2023,5,I,BM,AS,NA,0,0,0,NA,
7/20/2023,edge,edge,edge,AS,NA,NA,NA,136,NA,
7/20/2023,edge,edge,edge,FC,NA,NA,NA,8635,NA,
7/21/2023,1,C,CM,DB,west,1166,0,1166,NA,full row
7/21/2023,1,C,CM,DB,east,522,0,522,NA,only 6 ft of beans on this side
7/21/2023,1,F,SM,DB,east,1585,0,1585,NA,full row
7/21/2023,1,F,SM,DB,west,22,0,22,NA,only 5-5.5ft of beans on this side
7/21/2023,1,I,BM,DB,east,1697,0,1697,NA,full row
7/21/2023,1,I,BM,DB,west,13,0,13,NA,about 9ft of beans on this side
7/21/2023,2,B,SM,DB,east,1051,0,1051,NA,full row
7/21/2023,2,B,SM,DB,west,0,0,0,NA,7 ft of beans on this side (all small)
7/21/2023,2,E,BM,DB,west,0,0,0,NA,"row is full, but sparse. unsure how to measure in ft"
7/21/2023,2,E,BM,DB,east,377,0,377,NA,full row
7/21/2023,2,H,CM,DB,west,60,0,60,NA,full row
7/21/2023,2,H,CM,DB,east,240,0,240,NA,full row
7/21/2023,3,A,BM,DB,west,0,0,0,NA,"full row, though sparse"
7/21/2023,3,A,BM,DB,east,175,0,175,NA,full row
7/21/2023,3,D,SM,DB,east,62,0,62,NA,full row
7/21/2023,3,D,SM,DB,west,0,0,0,NA,full row
7/21/2023,3,G,CM,DB,west,294,0,294,NA,full row
7/21/2023,3,G,CM,DB,east,0,0,0,NA,full row
7/21/2023,4,B,CM,DB,west,1023,0,1023,NA,full row
7/21/2023,4,B,CM,DB,east,0,0,0,NA,almost no plants
7/21/2023,4,E,BM,DB,west,625,0,625,NA,"full row, though a little sparse"
7/21/2023,4,E,BM,DB,east,5,0,5,NA,"full row, little sparse"
7/21/2023,4,H,SM,DB,west,532,0,532,NA,full row
7/21/2023,4,H,SM,DB,east,680,0,680,NA,full row
7/21/2023,edge,edge,edge,edge,NA,NA,NA,11761,NA,
7/24/2023,1,A,SM,AS,NA,0,0,0,NA,
7/24/2023,1,B,BM,FC,NA,655,110,765,NA,
7/24/2023,1,C,CM,DB,east,298,0,298,NA,
7/24/2023,1,C,CM,DB,west,497,0,497,NA,
7/24/2023,1,D,CM,AS,NA,0,0,0,NA,
7/24/2023,1,E,CM,FC,NA,691,26,717,NA,
7/24/2023,1,F,SM,DB,west,92,0,92,NA,
7/24/2023,1,F,SM,DB,east,681,0,681,NA,
7/24/2023,1,G,BM,AS,NA,0,0,0,NA,
7/24/2023,1,H,SM,FC,NA,832,0,832,NA,
7/24/2023,1,I,BM,DB,west,71,0,71,NA,
7/24/2023,1,I,BM,DB,east,639,0,639,NA,
7/24/2023,2,A,CM,FC,NA,160,79,239,NA,
7/24/2023,2,B,SM,DB,west,0,0,0,NA,
7/24/2023,2,B,SM,DB,east,620,0,620,NA,
7/24/2023,2,C,CM,AS,NA,0,0,0,NA,
7/24/2023,2,D,BM,FC,NA,402,18,420,NA,
7/24/2023,2,E,BM,DB,west,16,0,16,NA,
7/24/2023,2,E,BM,DB,east,581,0,581,NA,
7/24/2023,2,F,BM,AS,NA,0,0,0,NA,
7/24/2023,2,G,SM,FC,NA,716,0,716,NA,
7/24/2023,2,H,CM,DB,west,241,0,241,NA,
7/24/2023,2,H,CM,DB,east,333,0,333,NA,
7/24/2023,2,I,SM,AS,NA,0,0,0,NA,
7/24/2023,3,A,BM,DB,west,10,0,10,NA,
7/24/2023,3,A,BM,DB,east,169,0,169,NA,
7/24/2023,3,B,CM,FC,NA,475,24,499,NA,
7/24/2023,3,C,SM,AS,NA,18,0,18,NA,
7/24/2023,3,D,SM,DB,west,7,0,7,NA,
7/24/2023,3,D,SM,DB,east,126,0,126,NA,
7/24/2023,3,E,BM,FC,NA,346,0,346,NA,
7/24/2023,3,F,BM,AS,NA,0,0,0,NA,
7/24/2023,3,G,CM,DB,east,46,0,46,NA,
7/24/2023,3,G,CM,DB,west,423,0,423,NA,
7/24/2023,3,H,SM,FC,NA,525,39,564,NA,
7/24/2023,3,I,CM,AS,NA,0,0,0,NA,
7/24/2023,4,A,SM,FC,NA,701,0,701,NA,
7/24/2023,4,B,CM,DB,east,0,0,0,NA,
7/24/2023,4,B,CM,DB,west,518,0,518,NA,
7/24/2023,4,C,BM,AS,NA,0,0,0,NA,
7/24/2023,4,D,BM,FC,NA,692,0,692,NA,
7/24/2023,4,E,BM,DB,east,16,0,16,NA,
7/24/2023,4,E,BM,DB,west,232,0,232,NA,
7/24/2023,4,F,SM,AS,NA,0,0,0,NA,
7/24/2023,4,G,CM,FC,NA,678,50,728,NA,
7/24/2023,4,H,SM,DB,west,275,0,275,NA,
7/24/2023,4,H,SM,DB,east,642,0,642,NA,
7/24/2023,4,I,CM,AS,NA,0,0,0,NA,
7/24/2023,5,A,CM,AS,NA,0,0,0,NA,
7/24/2023,5,B,CM,AS,NA,0,0,0,NA,
7/24/2023,5,C,SM,AS,NA,10,2,12,NA,
7/24/2023,5,D,SM,AS,NA,0,0,0,NA,
7/24/2023,5,E,BM,AS,NA,11,0,11,NA,
7/24/2023,5,F,CM,AS,NA,5,0,5,NA,
7/24/2023,5,G,BM,AS,NA,0,0,0,NA,
7/24/2023,5,H,SM,AS,NA,8,0,8,NA,
7/24/2023,5,I,BM,AS,NA,0,0,0,NA,
7/24/2023,edge,edge,edge,AS,NA,NA,NA,30,NA,
7/24/2023,edge,edge,edge,FC,NA,NA,NA,6289,NA,
7/24/2023,edge,edge,edge,DB,NA,NA,NA,6508,NA,
7/27/2023,1,A,SM,AS,NA,0,0,0,NA,
7/27/2023,1,B,BM,FC,NA,374,44,418,NA,
7/27/2023,1,C,CM,DB,east,391,0,391,NA,
7/27/2023,1,C,CM,DB,west,858,0,858,NA,
7/27/2023,1,D,CM,AS,NA,0,0,0,NA,
7/27/2023,1,E,CM,FC,NA,195,0,195,NA,
7/27/2023,1,F,SM,DB,west,412,0,412,NA,
7/27/2023,1,F,SM,DB,east,703,0,703,NA,
7/27/2023,1,G,BM,AS,NA,0,0,0,NA,
7/27/2023,1,H,SM,FC,NA,323,15,338,NA,
7/27/2023,1,I,BM,DB,west,482,0,482,NA,
7/27/2023,1,I,BM,DB,east,593,0,593,NA,
7/27/2023,2,A,CM,FC,NA,81,24,105,NA,
7/27/2023,2,B,SM,DB,west,0,0,0,NA,
7/27/2023,2,B,SM,DB,east,384,0,384,NA,
7/27/2023,2,C,CM,AS,NA,0,0,0,NA,
7/27/2023,2,D,BM,FC,NA,178,0,178,NA,
7/27/2023,2,E,BM,DB,west,90,0,90,NA,
7/27/2023,2,E,BM,DB,east,578,0,578,NA,
7/27/2023,2,F,BM,AS,NA,0,0,0,NA,
7/27/2023,2,G,SM,FC,NA,336,0,336,NA,
7/27/2023,2,H,CM,DB,east,382,0,382,NA,
7/27/2023,2,H,CM,DB,west,417,0,417,NA,
7/27/2023,2,I,SM,AS,NA,0,0,0,NA,
7/27/2023,3,A,BM,DB,west,77,0,77,NA,
7/27/2023,3,A,BM,DB,east,516,0,516,NA,
7/27/2023,3,B,CM,FC,NA,146,21,167,NA,
7/27/2023,3,C,SM,AS,NA,0,0,0,NA,
7/27/2023,3,D,SM,DB,west,52,0,52,NA,
7/27/2023,3,D,SM,DB,east,215,0,215,NA,
7/27/2023,3,E,BM,FC,NA,442,0,442,NA,
7/27/2023,3,F,BM,AS,NA,0,0,0,NA,
7/27/2023,3,G,CM,DB,east,193,0,193,NA,
7/27/2023,3,G,CM,DB,west,571,0,571,NA,
7/27/2023,3,H,SM,FC,NA,502,0,502,NA,
7/27/2023,3,I,CM,AS,NA,0,0,0,NA,
7/27/2023,4,A,SM,FC,NA,419,0,419,NA,
7/27/2023,4,B,CM,DB,east,0,0,0,NA,
7/27/2023,4,B,CM,DB,west,936,0,936,NA,
7/27/2023,4,C,BM,AS,NA,0,0,0,NA,
7/27/2023,4,D,BM,FC,NA,435,0,435,NA,
7/27/2023,4,E,BM,DB,east,152,0,152,NA,
7/27/2023,4,E,BM,DB,west,310,0,310,NA,
7/27/2023,4,F,SM,AS,NA,0,0,0,NA,
7/27/2023,4,G,CM,FC,NA,541,0,541,NA,
7/27/2023,4,H,SM,DB,east,449,0,449,NA,
7/27/2023,4,H,SM,DB,west,528,0,528,NA,
7/27/2023,4,I,CM,AS,NA,0,0,0,NA,
7/27/2023,5,A,CM,AS,NA,0,0,0,NA,
7/27/2023,5,B,CM,AS,NA,0,0,0,NA,
7/27/2023,5,C,SM,AS,NA,0,1,1,NA,
7/27/2023,5,D,SM,AS,NA,0,1,1,NA,
7/27/2023,5,E,BM,AS,NA,0,5,5,NA,
7/27/2023,5,F,CM,AS,NA,0,0,0,NA,
7/27/2023,5,G,BM,AS,NA,0,1,1,NA,
7/27/2023,5,H,SM,AS,NA,0,0,0,NA,
7/27/2023,5,I,BM,AS,NA,0,0,0,NA,
7/27/2023,edge,edge,edge,AS,NA,NA,NA,2,NA,
7/27/2023,edge,edge,edge,FC,NA,NA,NA,5018,NA,
7/27/2023,edge,edge,edge,DB,NA,NA,NA,10648,NA,
7/31/2023,1,A,SM,AS,NA,0,0,0,NA,
7/31/2023,1,B,BM,FC,NA,457,0,457,NA,
7/31/2023,1,C,CM,DB,east,575,0,575,NA,
7/31/2023,1,C,CM,DB,west,713,0,713,NA,
7/31/2023,1,D,CM,AS,NA,0,0,0,NA,
7/31/2023,1,E,CM,FC,NA,573,30,603,NA,
7/31/2023,1,F,SM,DB,west,388,0,388,NA,
7/31/2023,1,F,SM,DB,east,1435,0,1435,NA,
7/31/2023,1,G,BM,AS,NA,0,0,0,NA,
7/31/2023,1,H,SM,FC,NA,590,0,590,NA,
7/31/2023,1,I,BM,DB,west,425,0,425,NA,
7/31/2023,1,I,BM,DB,east,1328,0,1328,NA,
7/31/2023,2,A,CM,FC,NA,281,95,376,NA,
7/31/2023,2,B,SM,DB,west,302,0,302,NA,
7/31/2023,2,B,SM,DB,east,805,0,805,NA,
7/31/2023,2,C,CM,AS,NA,0,0,0,NA,
7/31/2023,2,D,BM,FC,NA,580,111,691,NA,
7/31/2023,2,E,BM,DB,west,380,0,380,NA,
7/31/2023,2,E,BM,DB,east,876,0,876,NA,
7/31/2023,2,F,BM,AS,NA,0,1,1,NA,
7/31/2023,2,G,SM,FC,NA,690,70,760,NA,
7/31/2023,2,H,CM,DB,west,633,0,633,NA,
7/31/2023,2,H,CM,DB,east,960,0,960,NA,
7/31/2023,2,I,SM,AS,NA,0,0,0,NA,
7/31/2023,3,A,BM,DB,west,366,0,366,NA,
7/31/2023,3,A,BM,DB,east,597,0,597,NA,
7/31/2023,3,B,CM,FC,NA,480,48,528,NA,
7/31/2023,3,C,SM,AS,NA,7,0,7,NA,
7/31/2023,3,D,SM,DB,west,373,0,373,NA,
7/31/2023,3,D,SM,DB,east,632,0,632,NA,
7/31/2023,3,E,BM,FC,NA,730,13,743,NA,
7/31/2023,3,F,BM,AS,NA,0,0,0,NA,
7/31/2023,3,G,CM,DB,east,660,0,660,NA,
7/31/2023,3,G,CM,DB,west,1349,0,1349,NA,
7/31/2023,3,H,SM,FC,NA,781,0,781,NA,
7/31/2023,3,I,CM,AS,NA,0,0,0,NA,
7/31/2023,4,A,SM,FC,NA,409,0,409,NA,
7/31/2023,4,B,CM,DB,east,170,0,170,NA,
7/31/2023,4,B,CM,DB,west,923,0,923,NA,
7/31/2023,4,C,BM,AS,NA,0,0,0,NA,
7/31/2023,4,D,BM,FC,NA,652,42,694,NA,
7/31/2023,4,E,BM,DB,east,314,0,314,NA,
7/31/2023,4,E,BM,DB,west,440,0,440,NA,
7/31/2023,4,F,SM,AS,NA,0,0,0,NA,
7/31/2023,4,G,CM,FC,NA,890,16,906,NA,
7/31/2023,4,H,SM,DB,west,766,0,766,NA,
7/31/2023,4,H,SM,DB,east,1089,0,1089,NA,
7/31/2023,4,I,CM,AS,NA,0,0,0,NA,
7/31/2023,5,A,CM,AS,NA,0,0,0,NA,
7/31/2023,5,B,CM,AS,NA,0,0,0,NA,
7/31/2023,5,C,SM,AS,NA,0,0,0,NA,
7/31/2023,5,D,SM,AS,NA,8,0,8,NA,
7/31/2023,5,E,BM,AS,NA,7,0,7,NA,
7/31/2023,5,F,CM,AS,NA,0,0,0,NA,
7/31/2023,5,G,BM,AS,NA,0,0,0,NA,
7/31/2023,5,H,SM,AS,NA,0,0,0,NA,
7/31/2023,5,I,BM,AS,NA,0,4,4,NA,
7/31/2023,edge,edge,edge,FC,NA,NA,NA,8155,NA,
7/31/2023,edge,edge,edge,DB,NA,NA,NA,16556,NA,
8/3/2023,1,A,SM,AS,NA,0,0,0,NA,
8/3/2023,1,B,BM,FC,NA,499,0,499,NA,
8/3/2023,1,C,CM,DB,east,519,0,519,NA,
8/3/2023,1,C,CM,DB,west,682,0,682,NA,
8/3/2023,1,D,CM,AS,NA,0,0,0,NA,
8/3/2023,1,E,CM,FC,NA,143,0,143,NA,
8/3/2023,1,F,SM,DB,west,374,0,374,NA,
8/3/2023,1,F,SM,DB,east,896,0,896,NA,
8/3/2023,1,G,BM,AS,NA,0,0,0,NA,
8/3/2023,1,H,SM,FC,NA,406,0,406,NA,
8/3/2023,1,I,BM,DB,east,571,0,571,NA,
8/3/2023,1,I,BM,DB,west,698,0,698,NA,
8/3/2023,2,A,CM,FC,NA,70,17,87,NA,
8/3/2023,2,B,SM,DB,west,96,0,96,NA,
8/3/2023,2,B,SM,DB,east,776,0,776,NA,
8/3/2023,2,C,CM,AS,NA,0,0,0,NA,
8/3/2023,2,D,BM,FC,NA,208,0,208,NA,
8/3/2023,2,E,BM,DB,west,360,0,360,NA,
8/3/2023,2,E,BM,DB,east,718,0,718,NA,
8/3/2023,2,F,BM,AS,NA,0,0,0,NA,
8/3/2023,2,G,SM,FC,NA,157,76,233,NA,
8/3/2023,2,H,CM,DB,west,771,0,771,NA,
8/3/2023,2,H,CM,DB,east,1012,0,1012,NA,
8/3/2023,2,I,SM,AS,NA,0,0,0,NA,
8/3/2023,3,A,BM,DB,east,507,0,507,NA,
8/3/2023,3,A,BM,DB,west,549,0,549,NA,
8/3/2023,3,B,CM,FC,NA,80,24,104,NA,
8/3/2023,3,C,SM,AS,NA,0,0,0,NA,
8/3/2023,3,E,BM,FC,NA,336,0,336,NA,
8/3/2023,3,F,BM,AS,NA,14,0,14,NA,
8/3/2023,3,H,SM,FC,NA,392,0,392,NA,
8/3/2023,3,I,CM,AS,NA,0,0,0,NA,
8/3/2023,4,A,SM,FC,NA,368,0,368,NA,
8/3/2023,4,D,BM,FC,NA,539,0,539,NA,
8/3/2023,4,F,SM,AS,NA,0,0,0,NA,
8/3/2023,4,G,CM,FC,NA,461,0,461,NA,
8/3/2023,4,I,CM,AS,NA,63,0,63,NA,includes 03 Aug and 04 Aug
8/3/2023,5,A,CM,AS,NA,0,0,0,NA,
8/3/2023,5,B,CM,AS,NA,0,0,0,NA,
8/3/2023,5,C,SM,AS,NA,0,1,1,NA,
8/3/2023,5,D,SM,AS,NA,0,0,0,NA,
8/3/2023,5,E,BM,AS,NA,0,0,0,NA,
8/3/2023,5,F,CM,AS,NA,0,0,0,NA,
8/3/2023,5,G,BM,AS,NA,0,0,0,NA,
8/3/2023,5,H,SM,AS,NA,0,0,0,NA,
8/3/2023,5,I,BM,AS,NA,0,0,0,NA,
8/3/2023,edge,edge,edge,AS,NA,NA,NA,20,NA,
8/3/2023,edge,edge,edge,FC,NA,NA,NA,3677,NA,
8/3/2023,edge,edge,edge,DB,NA,NA,NA,16346,NA,
8/4/2023,3,D,SM,DB,east,647,0,647,NA,
8/4/2023,3,D,SM,DB,west,858,0,858,NA,
8/4/2023,3,G,CM,DB,west,746,0,746,NA,
8/4/2023,3,G,CM,DB,east,845,0,845,NA,
8/4/2023,4,B,CM,DB,east,103,0,103,NA,
8/4/2023,4,B,CM,DB,west,978,0,978,NA,
8/4/2023,4,C,BM,AS,NA,8,0,8,NA,
8/4/2023,4,E,BM,DB,west,580,0,580,NA,
8/4/2023,4,E,BM,DB,east,610,0,610,NA,
8/4/2023,4,H,SM,DB,west,1056,0,1056,NA,
8/4/2023,4,H,SM,DB,east,1149,0,1149,NA,
8/7/2023,1,A,SM,AS,NA,0,7,7,NA,
8/7/2023,1,B,BM,FC,NA,762,35,797,NA,
8/7/2023,1,C,CM,DB,west,222,0,222,NA,
8/7/2023,1,C,CM,DB,east,347,0,347,NA,
8/7/2023,1,D,CM,AS,NA,0,0,0,NA,
8/7/2023,1,E,CM,FC,NA,551,191,742,NA,
8/7/2023,1,F,SM,DB,east,356,0,356,NA,
8/7/2023,1,F,SM,DB,west,375,0,375,NA,
8/7/2023,1,G,BM,AS,NA,41,9,50,NA,
8/7/2023,1,H,SM,FC,NA,615,34,649,NA,
8/7/2023,1,I,BM,DB,east,264,0,264,NA,
8/7/2023,1,I,BM,DB,west,407,0,407,NA,
8/7/2023,2,A,CM,FC,NA,426,191,617,NA,
8/7/2023,2,B,SM,DB,west,84,0,84,NA,
8/7/2023,2,B,SM,DB,east,292,0,292,NA,
8/7/2023,2,C,CM,AS,NA,0,0,0,NA,
8/7/2023,2,D,BM,FC,NA,462,197,659,NA,
8/7/2023,2,E,BM,DB,west,183,0,183,NA,
8/7/2023,2,E,BM,DB,east,224,0,224,NA,
8/7/2023,2,F,BM,AS,NA,0,0,0,NA,
8/7/2023,2,G,SM,FC,NA,538,221,759,NA,
8/7/2023,2,H,CM,DB,east,595,0,595,NA,
8/7/2023,2,H,CM,DB,west,616,0,616,NA,
8/7/2023,2,I,SM,AS,NA,0,15,15,NA,
8/7/2023,3,A,BM,DB,east,234,0,234,NA,
8/7/2023,3,A,BM,DB,west,420,0,420,NA,
8/7/2023,3,B,CM,FC,NA,658,132,790,NA,"the plots and treatments are mislabeled on the original datasheet. not sure if we can use this week. 2025 Jen - updated plots to match the treatment/crop, since these aligned with plots we were missing measurements for this week"
8/7/2023,3,C,SM,AS,NA,0,0,0,NA,
8/7/2023,3,D,SM,DB,east,404,0,404,NA,
8/7/2023,3,D,SM,DB,west,538,0,538,NA,
8/7/2023,3,E,BM,FC,NA,447,193,640,NA,"the plots and treatments are mislabeled on the original datasheet. not sure if we can use this week. 2025 Jen - updated plots to match the treatment/crop, since these aligned with plots we were missing measurements for this week"
8/7/2023,3,F,BM,AS,NA,17,0,17,NA,
8/7/2023,3,G,CM,DB,west,275,0,275,NA,
8/7/2023,3,G,CM,DB,east,555,0,555,NA,
8/7/2023,3,H,SM,FC,NA,413,73,486,NA,"the plots and treatments are mislabeled on the original datasheet. not sure if we can use this week. 2025 Jen - updated plots to match the treatment/crop, since these aligned with plots we were missing measurements for this week"
8/7/2023,3,I,CM,AS,NA,16,0,16,NA,
8/7/2023,4,A,SM,FC,NA,447,181,628,NA,
8/7/2023,4,B,CM,DB,east,99,0,99,NA,
8/7/2023,4,B,CM,DB,west,204,0,204,NA,
8/7/2023,4,C,BM,AS,NA,21,0,21,NA,
8/7/2023,4,D,BM,FC,NA,844,200,1044,NA,
8/7/2023,4,E,BM,DB,west,178,0,178,NA,
8/7/2023,4,E,BM,DB,east,339,0,339,NA,
8/7/2023,4,F,SM,AS,NA,56,0,56,NA,
8/7/2023,4,G,CM,FC,NA,764,61,825,NA,
8/7/2023,4,H,SM,DB,east,183,0,183,NA,
8/7/2023,4,H,SM,DB,west,318,0,318,NA,
8/7/2023,4,I,CM,AS,NA,79,19,98,NA,
8/7/2023,5,A,CM,AS,NA,0,0,0,NA,
8/7/2023,5,B,CM,AS,NA,0,0,0,NA,
8/7/2023,5,C,SM,AS,NA,0,0,0,NA,
8/7/2023,5,D,SM,AS,NA,0,5,5,NA,
8/7/2023,5,E,BM,AS,NA,0,0,0,NA,
8/7/2023,5,F,CM,AS,NA,58,0,58,NA,
8/7/2023,5,G,BM,AS,NA,0,0,0,NA,
8/7/2023,5,H,SM,AS,NA,14,0,14,NA,
8/7/2023,5,I,BM,AS,NA,8,0,8,NA,
8/7/2023,edge,edge,edge,AS,NA,NA,NA,288,NA,
8/7/2023,edge,edge,edge,FC,NA,NA,NA,7869,NA,
8/7/2023,edge,edge,edge,DB,NA,NA,NA,8499,NA,
8/11/2023,1,A,SM,AS,NA,103,0,103,NA,
8/11/2023,1,B,BM,FC,NA,312,76,388,NA,"unmarketable yield mostly small leaves, harvested to nudge the plants to produce more again"
8/11/2023,1,C,CM,DB,west,146,0,146,NA,
8/11/2023,1,C,CM,DB,east,265,0,265,NA,
8/11/2023,1,D,CM,AS,NA,127,21,148,NA,
8/11/2023,1,E,CM,FC,NA,123,162,285,NA,"unmarketable yield mostly small leaves, harvested to nudge the plants to produce more again"
8/11/2023,1,F,SM,DB,east,266,0,266,NA,
8/11/2023,1,F,SM,DB,west,397,0,397,NA,
8/11/2023,1,G,BM,AS,NA,122,17,139,NA,
8/11/2023,1,H,SM,FC,NA,45,182,227,NA,"unmarketable yield mostly small leaves, harvested to nudge the plants to produce more again"
8/11/2023,1,I,BM,DB,east,108,0,108,NA,
8/11/2023,1,I,BM,DB,west,605,0,605,NA,
8/11/2023,2,A,CM,FC,NA,0,221,221,NA,"unmarketable yield mostly small leaves, harvested to nudge the plants to produce more again"
8/11/2023,2,B,SM,DB,west,342,0,342,NA,
8/11/2023,2,B,SM,DB,east,347,0,347,NA,
8/11/2023,2,C,CM,AS,NA,81,0,81,NA,
8/11/2023,2,D,BM,FC,NA,153,159,312,NA,"unmarketable yield mostly small leaves, harvested to nudge the plants to produce more again"
8/11/2023,2,E,BM,DB,east,275,0,275,NA,
8/11/2023,2,E,BM,DB,west,485,0,485,NA,
8/11/2023,2,F,BM,AS,NA,93,0,93,NA,
8/11/2023,2,G,SM,FC,NA,241,100,341,NA,"unmarketable yield mostly small leaves, harvested to nudge the plants to produce more again"
8/11/2023,2,H,CM,DB,east,353,0,353,NA,
8/11/2023,2,H,CM,DB,west,754,0,754,NA,
8/11/2023,2,I,SM,AS,NA,171,12,183,NA,
8/11/2023,3,A,BM,DB,east,387,0,387,NA,
8/11/2023,3,A,BM,DB,west,668,0,668,NA,
8/11/2023,3,B,CM,FC,NA,46,0,46,NA,
8/11/2023,3,C,SM,AS,NA,9,0,9,NA,
8/11/2023,3,D,SM,DB,east,998,0,998,NA,
8/11/2023,3,D,SM,DB,west,1314,0,1314,NA,
8/11/2023,3,E,BM,FC,NA,39,0,39,NA,
8/11/2023,3,F,BM,AS,NA,58,0,58,NA,
8/11/2023,3,G,CM,DB,west,288,0,288,NA,
8/11/2023,3,G,CM,DB,east,1059,0,1059,NA,
8/11/2023,3,H,SM,FC,NA,153,21,174,NA,
8/11/2023,3,I,CM,AS,NA,128,0,128,NA,
8/11/2023,4,A,SM,FC,NA,223,25,248,NA,
8/11/2023,4,B,CM,DB,west,242,0,242,NA,
8/11/2023,4,B,CM,DB,east,282,0,282,NA,
8/11/2023,4,C,BM,AS,NA,112,9,121,NA,
8/11/2023,4,D,BM,FC,NA,162,0,162,NA,
8/11/2023,4,E,BM,DB,west,396,0,396,NA,
8/11/2023,4,E,BM,DB,east,851,0,851,NA,
8/11/2023,4,F,SM,AS,NA,71,8,79,NA,
8/11/2023,4,G,CM,FC,NA,363,0,363,NA,
8/11/2023,4,H,SM,DB,west,240,0,240,NA,
8/11/2023,4,H,SM,DB,east,283,0,283,NA,
8/11/2023,4,I,CM,AS,NA,125,22,147,NA,
8/11/2023,5,A,CM,AS,NA,69,0,69,NA,
8/11/2023,5,B,CM,AS,NA,17,0,17,NA,
8/11/2023,5,C,SM,AS,NA,11,0,11,NA,
8/11/2023,5,D,SM,AS,NA,52,3,55,NA,
8/11/2023,5,E,BM,AS,NA,38,18,56,NA,
8/11/2023,5,F,CM,AS,NA,164,13,177,NA,
8/11/2023,5,G,BM,AS,NA,43,0,43,NA,
8/11/2023,5,H,SM,AS,NA,94,2,96,NA,
8/11/2023,5,I,BM,AS,NA,85,12,97,NA,
8/11/2023,edge,edge,edge,AS,NA,NA,NA,1950,NA,
8/11/2023,edge,edge,edge,FC,NA,NA,NA,2989,NA,
8/11/2023,edge,edge,edge,DB,NA,NA,NA,9966,NA,
8/14/2023,1,C,CM,DB,west,73,0,73,NA,
8/14/2023,1,C,CM,DB,east,97,0,97,NA,
8/14/2023,1,F,SM,DB,east,93,0,93,NA,
8/14/2023,1,F,SM,DB,west,250,0,250,NA,
8/14/2023,1,I,BM,DB,east,47,0,47,NA,
8/14/2023,1,I,BM,DB,west,218,0,218,NA,
8/14/2023,2,B,SM,DB,east,91,0,91,NA,
8/14/2023,2,B,SM,DB,west,207,0,207,NA,
8/14/2023,2,E,BM,DB,east,51,0,51,NA,
8/14/2023,2,E,BM,DB,west,120,0,120,NA,
8/14/2023,2,H,CM,DB,east,93,0,93,NA,
8/14/2023,2,H,CM,DB,west,184,0,184,NA,
8/14/2023,3,A,BM,DB,east,50,0,50,NA,
8/14/2023,3,A,BM,DB,west,318,0,318,NA,
8/14/2023,3,D,SM,DB,west,270,0,270,NA,
8/14/2023,3,D,SM,DB,east,460,0,460,NA,
8/14/2023,3,G,CM,DB,west,60,0,60,NA,
8/14/2023,3,G,CM,DB,east,323,0,323,NA,
8/14/2023,4,B,CM,DB,west,45,0,45,NA,
8/14/2023,4,B,CM,DB,east,135,0,135,NA,
8/14/2023,4,E,BM,DB,west,153,0,153,NA,
8/14/2023,4,E,BM,DB,east,336,0,336,NA,
8/14/2023,4,H,SM,DB,east,109,0,109,NA,
8/14/2023,4,H,SM,DB,west,162,0,162,NA,
8/14/2023,5,A,CM,AS,NA,111,31,142,NA,
8/14/2023,5,B,CM,AS,NA,77,0,77,NA,
8/14/2023,5,C,SM,AS,NA,16,0,16,NA,plot and treatment did not match but treating plot as source of truth
8/14/2023,5,D,SM,AS,NA,68,0,68,NA,
8/14/2023,5,E,BM,AS,NA,49,0,49,NA,
8/14/2023,5,F,CM,AS,NA,163,0,163,NA,
8/14/2023,5,G,BM,AS,NA,99,20,119,NA,
8/14/2023,5,H,SM,AS,NA,149,0,149,NA,
8/14/2023,5,I,BM,AS,NA,112,22,134,NA,
8/14/2023,edge,edge,edge,AS,NA,NA,NA,2120,NA,includes harvest from 8/15 as well
8/14/2023,edge,edge,edge,DB,NA,NA,NA,4722,NA,
8/14/2023,edge,edge,edge,FC,NA,NA,NA,5024,NA,
8/15/2023,1,A,SM,AS,NA,113,0,113,NA,
8/15/2023,1,B,BM,FC,NA,322,0,322,NA,
8/15/2023,1,D,CM,AS,NA,143,0,143,NA,
8/15/2023,1,E,CM,FC,NA,120,0,120,NA,
8/15/2023,1,G,BM,AS,NA,84,22,106,NA,
8/15/2023,1,H,SM,FC,NA,146,0,146,NA,
8/15/2023,2,A,CM,FC,NA,186,0,186,NA,
8/15/2023,2,C,CM,AS,NA,44,0,44,NA,"plot and treatment did not match on field datasheet. Person who recorded clearly intentionally changed the plot label, so using those as the source of truth"
8/15/2023,2,D,BM,FC,NA,200,0,200,NA,
8/15/2023,2,F,BM,AS,NA,227,9,236,NA,
8/15/2023,2,G,SM,FC,NA,244,0,244,NA,
8/15/2023,2,I,SM,AS,NA,116,41,157,NA,"plot and treatment did not match on field datasheet. Person who recorded clearly intentionally changed the plot label, so using those as the source of truth"
8/15/2023,3,B,CM,FC,NA,289,16,305,NA,
8/15/2023,3,C,SM,AS,NA,12,0,12,NA,
8/15/2023,3,E,BM,FC,NA,347,0,347,NA,
8/15/2023,3,F,BM,AS,NA,66,30,96,NA,
8/15/2023,3,H,SM,FC,NA,389,0,389,NA,
8/15/2023,3,I,CM,AS,NA,83,0,83,NA,
8/15/2023,4,A,SM,FC,NA,462,0,462,NA,
8/15/2023,4,C,BM,AS,NA,118,15,133,NA,
8/15/2023,4,D,BM,FC,NA,423,0,423,NA,
8/15/2023,4,F,SM,AS,NA,97,0,97,NA,
8/15/2023,4,G,CM,FC,NA,440,0,440,NA,
8/15/2023,4,I,CM,AS,NA,135,0,135,NA,includes harvest from 8/14 and 8/15
8/17/2023,1,A,SM,AS,NA,171,0,171,NA,
8/17/2023,1,B,BM,FC,NA,118,29,147,NA,
8/17/2023,1,C,CM,DB,west,113,0,113,NA,
8/17/2023,1,C,CM,DB,east,147,0,147,NA,
8/17/2023,1,D,CM,AS,NA,189,0,189,NA,
8/17/2023,1,E,CM,FC,NA,90,76,166,NA,
8/17/2023,1,F,SM,DB,east,64,0,64,NA,
8/17/2023,1,F,SM,DB,west,247,0,247,NA,
8/17/2023,1,G,BM,AS,NA,182,0,182,NA,
8/17/2023,1,H,SM,FC,NA,152,56,208,NA,
8/17/2023,1,I,BM,DB,east,60,0,60,NA,
8/17/2023,1,I,BM,DB,west,215,0,215,NA,
8/17/2023,2,A,CM,FC,NA,153,0,153,NA,
8/17/2023,2,B,SM,DB,east,102,0,102,NA,
8/17/2023,2,B,SM,DB,west,362,0,362,NA,
8/17/2023,2,C,CM,AS,NA,66,0,66,NA,
8/17/2023,2,D,BM,FC,NA,129,13,142,NA,
8/17/2023,2,E,BM,DB,east,35,0,35,NA,
8/17/2023,2,E,BM,DB,west,191,0,191,NA,
8/17/2023,2,F,BM,AS,NA,101,0,101,NA,
8/17/2023,2,G,SM,FC,NA,113,15,128,NA,
8/17/2023,2,H,CM,DB,east,76,0,76,NA,
8/17/2023,2,H,CM,DB,west,164,0,164,NA,
8/17/2023,2,I,SM,AS,NA,205,0,205,NA,
8/17/2023,3,A,BM,DB,east,48,0,48,NA,
8/17/2023,3,A,BM,DB,west,161,0,161,NA,
8/17/2023,3,B,CM,FC,NA,143,29,172,NA,
8/17/2023,3,C,SM,AS,NA,44,0,44,NA,
8/17/2023,3,D,SM,DB,east,213,0,213,NA,
8/17/2023,3,D,SM,DB,west,378,0,378,NA,
8/17/2023,3,E,BM,FC,NA,193,31,224,NA,
8/17/2023,3,F,BM,AS,NA,65,0,65,NA,
8/17/2023,3,G,CM,DB,west,127,0,127,NA,
8/17/2023,3,G,CM,DB,east,278,0,278,NA,
8/17/2023,3,H,SM,FC,NA,204,0,204,NA,
8/17/2023,3,I,CM,AS,NA,75,27,102,NA,
8/17/2023,4,A,SM,FC,NA,140,47,187,NA,
8/17/2023,4,B,CM,DB,east,57,0,57,NA,
8/17/2023,4,B,CM,DB,west,81,0,81,NA,
8/17/2023,4,C,BM,AS,NA,71,0,71,NA,
8/17/2023,4,D,BM,FC,NA,97,39,136,NA,
8/17/2023,4,E,BM,DB,west,252,0,252,NA,
8/17/2023,4,E,BM,DB,east,455,0,455,NA,
8/17/2023,4,F,SM,AS,NA,126,0,126,NA,
8/17/2023,4,G,CM,FC,NA,281,0,281,NA,
8/17/2023,4,H,SM,DB,west,128,0,128,NA,
8/17/2023,4,H,SM,DB,east,155,0,155,NA,
8/17/2023,4,I,CM,AS,NA,146,0,146,NA,
8/17/2023,5,A,CM,AS,NA,82,0,82,NA,
8/17/2023,5,B,CM,AS,NA,67,15,82,NA,
8/17/2023,5,C,SM,AS,NA,106,0,106,NA,
8/17/2023,5,D,SM,AS,NA,103,0,103,NA,
8/17/2023,5,E,BM,AS,NA,95,0,95,NA,
8/17/2023,5,F,CM,AS,NA,157,0,157,NA,
8/17/2023,5,G,BM,AS,NA,115,10,125,NA,
8/17/2023,5,H,SM,AS,NA,51,0,51,NA,
8/17/2023,5,I,BM,AS,NA,93,0,93,NA,
8/17/2023,edge,edge,edge,AS,NA,NA,NA,2108,NA,
8/17/2023,edge,edge,edge,FC,NA,NA,NA,2559,NA,
8/17/2023,edge,edge,edge,DB,NA,NA,NA,4513,NA,
8/21/2023,1,A,SM,AS,NA,151,0,151,NA,
8/21/2023,1,B,BM,FC,NA,176,68,244,NA,
8/21/2023,1,C,CM,DB,west,97,0,97,NA,
8/21/2023,1,C,CM,DB,east,116,0,116,NA,
8/21/2023,1,D,CM,AS,NA,223,5,228,NA,
8/21/2023,1,E,CM,FC,NA,244,0,244,NA,
8/21/2023,1,F,SM,DB,east,236,0,236,NA,
8/21/2023,1,F,SM,DB,west,256,0,256,NA,
8/21/2023,1,G,BM,AS,NA,282,13,295,NA,
8/21/2023,1,H,SM,FC,NA,233,77,310,NA,
8/21/2023,1,I,BM,DB,east,80,0,80,NA,
8/21/2023,1,I,BM,DB,west,130,0,130,NA,
8/21/2023,2,A,CM,FC,NA,110,30,140,NA,
8/21/2023,2,B,SM,DB,east,90,0,90,NA,
8/21/2023,2,B,SM,DB,west,530,0,530,NA,
8/21/2023,2,C,CM,AS,NA,104,0,104,NA,
8/21/2023,2,D,BM,FC,NA,118,36,154,NA,
8/21/2023,2,E,BM,DB,east,51,0,51,NA,
8/21/2023,2,E,BM,DB,west,60,0,60,NA,
8/21/2023,2,F,BM,AS,NA,117,22,139,NA,
8/21/2023,2,G,SM,FC,NA,211,73,284,NA,
8/21/2023,2,H,CM,DB,east,74,0,74,NA,
8/21/2023,2,H,CM,DB,west,155,0,155,NA,
8/21/2023,2,I,SM,AS,NA,173,0,173,NA,
8/21/2023,3,A,BM,DB,east,36,0,36,NA,
8/21/2023,3,A,BM,DB,west,340,0,340,NA,
8/21/2023,3,B,CM,FC,NA,150,26,176,NA,
8/21/2023,3,C,SM,AS,NA,101,0,101,NA,
8/21/2023,3,D,SM,DB,east,465,0,465,NA,
8/21/2023,3,D,SM,DB,west,531,0,531,NA,
8/21/2023,3,E,BM,FC,NA,124,63,187,NA,
8/21/2023,3,F,BM,AS,NA,112,0,112,NA,
8/21/2023,3,G,CM,DB,west,53,0,53,NA,
8/21/2023,3,G,CM,DB,east,299,0,299,NA,
8/21/2023,3,H,SM,FC,NA,165,42,207,NA,
8/21/2023,3,I,CM,AS,NA,208,4,212,NA,
8/21/2023,4,A,SM,FC,NA,121,113,234,NA,
8/21/2023,4,B,CM,DB,west,126,0,126,NA,
8/21/2023,4,B,CM,DB,east,426,0,426,NA,
8/21/2023,4,C,BM,AS,NA,183,0,183,NA,
8/21/2023,4,D,BM,FC,NA,324,63,387,NA,
8/21/2023,4,E,BM,DB,west,233,0,233,NA,
8/21/2023,4,E,BM,DB,east,527,0,527,NA,
8/21/2023,4,F,SM,AS,NA,206,0,206,NA,
8/21/2023,4,G,CM,FC,NA,345,40,385,NA,
8/21/2023,4,H,SM,DB,west,121,0,121,NA,
8/21/2023,4,H,SM,DB,east,178,0,178,NA,
8/21/2023,4,I,CM,AS,NA,180,0,180,NA,
8/21/2023,5,A,CM,AS,NA,241,20,261,NA,
8/21/2023,5,B,CM,AS,NA,109,0,109,NA,
8/21/2023,5,C,SM,AS,NA,142,0,142,NA,
8/21/2023,5,D,SM,AS,NA,131,0,131,NA,
8/21/2023,5,E,BM,AS,NA,127,0,127,NA,
8/21/2023,5,F,CM,AS,NA,207,0,207,NA,
8/21/2023,5,G,BM,AS,NA,150,0,150,NA,
8/21/2023,5,H,SM,AS,NA,211,0,211,NA,
8/21/2023,5,I,BM,AS,NA,163,0,163,NA,
8/21/2023,edge,edge,edge,DB,NA,NA,NA,209,NA,
8/21/2023,edge,edge,edge,AS,NA,NA,NA,3773,NA,
8/24/2023,1,A,SM,AS,NA,129,0,129,NA,
8/24/2023,1,B,BM,FC,NA,196,37,233,NA,
8/24/2023,1,C,CM,DB,east,120,0,120,NA,
8/24/2023,1,C,CM,DB,west,233,0,233,NA,
8/24/2023,1,D,CM,AS,NA,129,5,134,NA,
8/24/2023,1,E,CM,FC,NA,111,22,133,NA,
8/24/2023,1,F,SM,DB,east,271,0,271,NA,
8/24/2023,1,F,SM,DB,west,288,0,288,NA,
8/24/2023,1,G,BM,AS,NA,136,0,136,NA,
8/24/2023,1,H,SM,FC,NA,217,33,250,NA,
8/24/2023,1,I,BM,DB,west,138,0,138,NA,
8/24/2023,1,I,BM,DB,east,181,0,181,NA,
8/24/2023,2,A,CM,FC,NA,150,0,150,NA,
8/24/2023,2,B,SM,DB,west,200,0,200,NA,
8/24/2023,2,B,SM,DB,east,205,0,205,NA,
8/24/2023,2,C,CM,AS,NA,65,0,65,NA,
8/24/2023,2,D,BM,FC,NA,157,14,171,NA,
8/24/2023,2,E,BM,DB,west,74,0,74,NA,
8/24/2023,2,E,BM,DB,east,120,0,120,NA,
8/24/2023,2,F,BM,AS,NA,102,0,102,NA,
8/24/2023,2,G,SM,FC,NA,161,0,161,NA,
8/24/2023,2,H,CM,DB,east,66,0,66,NA,
8/24/2023,2,H,CM,DB,west,138,0,138,NA,
8/24/2023,2,I,SM,AS,NA,122,0,122,NA,
8/24/2023,3,A,BM,DB,west,83,0,83,NA,
8/24/2023,3,A,BM,DB,east,92,0,92,NA,
8/24/2023,3,B,CM,FC,NA,223,0,223,NA,
8/24/2023,3,C,SM,AS,NA,74,0,74,NA,
8/24/2023,3,D,SM,DB,west,259,0,259,NA,
8/24/2023,3,D,SM,DB,east,269,0,269,NA,
8/24/2023,3,E,BM,FC,NA,267,20,287,NA,
8/24/2023,3,F,BM,AS,NA,85,0,85,NA,
8/24/2023,3,G,CM,DB,west,50,0,50,NA,
8/24/2023,3,G,CM,DB,east,132,0,132,NA,
8/24/2023,3,H,SM,FC,NA,331,73,404,NA,
8/24/2023,3,I,CM,AS,NA,72,16,88,NA,
8/24/2023,4,A,SM,FC,NA,248,15,263,NA,
8/24/2023,4,B,CM,DB,west,222,0,222,NA,
8/24/2023,4,B,CM,DB,east,239,0,239,NA,
8/24/2023,4,C,BM,AS,NA,86,0,86,NA,
8/24/2023,4,D,BM,FC,NA,276,42,318,NA,
8/24/2023,4,E,BM,DB,west,193,0,193,NA,
8/24/2023,4,E,BM,DB,east,282,0,282,NA,
8/24/2023,4,F,SM,AS,NA,161,7,168,NA,
8/24/2023,4,G,CM,FC,NA,511,0,511,NA,
8/24/2023,4,H,SM,DB,west,103,0,103,NA,
8/24/2023,4,H,SM,DB,east,181,0,181,NA,
8/24/2023,4,I,CM,AS,NA,216,0,216,NA,
8/24/2023,5,A,CM,AS,NA,223,0,223,NA,
8/24/2023,5,B,CM,AS,NA,75,0,75,NA,
8/24/2023,5,C,SM,AS,NA,97,0,97,NA,
8/24/2023,5,D,SM,AS,NA,165,0,165,NA,
8/24/2023,5,E,BM,AS,NA,180,0,180,NA,
8/24/2023,5,F,CM,AS,NA,84,0,84,NA,
8/24/2023,5,G,BM,AS,NA,95,0,95,NA,
8/24/2023,5,H,SM,AS,NA,149,0,149,NA,
8/24/2023,5,I,BM,AS,NA,120,7,127,NA,
8/24/2023,edge,edge,edge,FC,NA,NA,NA,2164,NA,
8/24/2023,edge,edge,edge,AS,NA,NA,NA,2327,NA,
8/24/2023,edge,edge,edge,DB,NA,NA,NA,8286,NA,
8/28/2023,1,A,SM,AS,NA,129,6,135,NA,
8/28/2023,1,B,BM,FC,NA,301,13,314,NA,
8/28/2023,1,C,CM,DB,east,256,0,256,NA,
8/28/2023,1,C,CM,DB,west,296,0,296,NA,
8/28/2023,1,D,CM,AS,NA,154,0,154,NA,
8/28/2023,1,E,CM,FC,NA,152,52,204,NA,
8/28/2023,1,F,SM,DB,east,323,0,323,NA,
8/28/2023,1,F,SM,DB,west,342,0,342,NA,
8/28/2023,1,G,BM,AS,NA,169,11,180,NA,
8/28/2023,1,H,SM,FC,NA,165,54,219,NA,
8/28/2023,1,I,BM,DB,west,97,0,97,NA,
8/28/2023,1,I,BM,DB,east,173,0,173,NA,
8/28/2023,2,A,CM,FC,NA,170,15,185,NA,
8/28/2023,2,B,SM,DB,east,300,0,300,NA,
8/28/2023,2,B,SM,DB,west,491,0,491,NA,
8/28/2023,2,C,CM,AS,NA,42,0,42,NA,
8/28/2023,2,D,BM,FC,NA,190,35,225,NA,
8/28/2023,2,E,BM,DB,east,153,0,153,NA,
8/28/2023,2,E,BM,DB,west,285,0,285,NA,
8/28/2023,2,F,BM,AS,NA,105,0,105,NA,
8/28/2023,2,G,SM,FC,NA,261,13,274,NA,
8/28/2023,2,H,CM,DB,east,219,0,219,NA,
8/28/2023,2,H,CM,DB,west,286,0,286,NA,
8/28/2023,2,I,SM,AS,NA,154,0,154,NA,
8/28/2023,3,A,BM,DB,east,135,0,135,NA,
8/28/2023,3,A,BM,DB,west,338,0,338,NA,
8/28/2023,3,B,CM,FC,NA,240,0,240,NA,
8/28/2023,3,C,SM,AS,NA,95,0,95,NA,
8/28/2023,3,D,SM,DB,east,359,0,359,NA,
8/28/2023,3,D,SM,DB,west,423,0,423,NA,
8/28/2023,3,E,BM,FC,NA,328,0,328,NA,
8/28/2023,3,F,BM,AS,NA,75,0,75,NA,
8/28/2023,3,G,CM,DB,west,173,0,173,NA,
8/28/2023,3,G,CM,DB,east,358,0,358,NA,
8/28/2023,3,H,SM,FC,NA,268,0,268,NA,
8/28/2023,3,I,CM,AS,NA,103,0,103,NA,
8/28/2023,4,A,SM,FC,NA,138,0,138,NA,
8/28/2023,4,B,CM,DB,east,236,0,236,NA,
8/28/2023,4,B,CM,DB,west,316,0,316,NA,
8/28/2023,4,C,BM,AS,NA,97,0,97,NA,
8/28/2023,4,D,BM,FC,NA,434,0,434,NA,
8/28/2023,4,E,BM,DB,west,357,0,357,NA,
8/28/2023,4,E,BM,DB,east,510,0,510,NA,
8/28/2023,4,F,SM,AS,NA,220,0,220,NA,
8/28/2023,4,G,CM,FC,NA,596,0,596,NA,
8/28/2023,4,H,SM,DB,east,253,0,253,NA,
8/28/2023,4,H,SM,DB,west,321,0,321,NA,
8/28/2023,4,I,CM,AS,NA,269,0,269,NA,
8/28/2023,5,A,CM,AS,NA,303,0,303,NA,
8/28/2023,5,B,CM,AS,NA,155,0,155,NA,
8/28/2023,5,C,SM,AS,NA,208,0,208,NA,
8/28/2023,5,D,SM,AS,NA,262,0,262,NA,
8/28/2023,5,E,BM,AS,NA,196,0,196,NA,
8/28/2023,5,F,CM,AS,NA,293,0,293,NA,
8/28/2023,5,G,BM,AS,NA,39,0,39,NA,
8/28/2023,5,H,SM,AS,NA,248,0,248,NA,
8/28/2023,5,I,BM,AS,NA,109,0,109,NA,
8/28/2023,edge,edge,edge,AS,NA,NA,NA,3801,NA,
8/28/2023,edge,edge,edge,FC,NA,NA,NA,4151,NA,
8/28/2023,edge,edge,edge,DB,NA,NA,NA,7441,NA,
8/31/2023,1,A,SM,AS,NA,147,2,149,NA,
8/31/2023,1,B,BM,FC,NA,237,35,272,NA,
8/31/2023,1,C,CM,DB,east,150,0,150,NA,
8/31/2023,1,C,CM,DB,west,262,0,262,NA,
8/31/2023,1,D,CM,AS,NA,175,0,175,NA,
8/31/2023,1,E,CM,FC,NA,267,16,283,NA,
8/31/2023,1,F,SM,DB,east,165,0,165,NA,
8/31/2023,1,F,SM,DB,west,235,0,235,NA,
8/31/2023,1,G,BM,AS,NA,138,0,138,NA,
8/31/2023,1,H,SM,FC,NA,138,53,191,NA,
8/31/2023,1,I,BM,DB,west,53,0,53,NA,
8/31/2023,1,I,BM,DB,east,226,0,226,NA,
8/31/2023,2,A,CM,FC,NA,174,13,187,NA,
8/31/2023,2,B,SM,DB,west,212,0,212,NA,
8/31/2023,2,B,SM,DB,east,270,0,270,NA,
8/31/2023,2,C,CM,AS,NA,88,0,88,NA,
8/31/2023,2,D,BM,FC,NA,168,29,197,NA,
8/31/2023,2,E,BM,DB,east,188,0,188,NA,
8/31/2023,2,E,BM,DB,west,192,0,192,NA,
8/31/2023,2,F,BM,AS,NA,188,0,188,NA,
8/31/2023,2,G,SM,FC,NA,180,42,222,NA,
8/31/2023,2,H,CM,DB,west,85,0,85,NA,
8/31/2023,2,H,CM,DB,east,156,0,156,NA,
8/31/2023,2,I,SM,AS,NA,130,0,130,NA,
8/31/2023,3,A,BM,DB,west,140,0,140,NA,
8/31/2023,3,A,BM,DB,east,192,0,192,NA,
8/31/2023,3,B,CM,FC,NA,357,15,372,NA,
8/31/2023,3,C,SM,AS,NA,132,0,132,NA,
8/31/2023,3,D,SM,DB,west,78,0,78,NA,
8/31/2023,3,D,SM,DB,east,158,0,158,NA,
8/31/2023,3,E,BM,FC,NA,262,55,317,NA,
8/31/2023,3,F,BM,AS,NA,137,0,137,NA,
8/31/2023,3,G,CM,DB,east,96,0,96,NA,
8/31/2023,3,G,CM,DB,west,141,0,141,NA,
8/31/2023,3,H,SM,FC,NA,331,18,349,NA,
8/31/2023,3,I,CM,AS,NA,165,2,167,NA,
8/31/2023,4,A,SM,FC,NA,193,17,210,NA,
8/31/2023,4,B,CM,DB,east,61,0,61,NA,
8/31/2023,4,B,CM,DB,west,117,0,117,NA,
8/31/2023,4,C,BM,AS,NA,183,0,183,NA,
8/31/2023,4,D,BM,FC,NA,265,74,339,NA,
8/31/2023,4,E,BM,DB,west,117,0,117,NA,
8/31/2023,4,E,BM,DB,east,207,0,207,NA,
8/31/2023,4,F,SM,AS,NA,179,0,179,NA,
8/31/2023,4,G,CM,FC,NA,438,41,479,NA,
8/31/2023,4,H,SM,DB,east,134,0,134,NA,
8/31/2023,4,H,SM,DB,west,188,0,188,NA,
8/31/2023,4,I,CM,AS,NA,339,0,339,NA,
8/31/2023,5,A,CM,AS,NA,124,0,124,NA,
8/31/2023,5,B,CM,AS,NA,372,0,372,NA,
8/31/2023,5,C,SM,AS,NA,301,0,301,NA,
8/31/2023,5,D,SM,AS,NA,271,0,271,NA,
8/31/2023,5,E,BM,AS,NA,161,0,161,NA,
8/31/2023,5,F,CM,AS,NA,190,0,190,NA,
8/31/2023,5,G,BM,AS,NA,186,0,186,NA,
8/31/2023,5,H,SM,AS,NA,228,0,228,NA,
8/31/2023,5,I,BM,AS,NA,143,0,143,NA,
8/31/2023,edge,edge,edge,FC,NA,NA,NA,4338,NA,
8/31/2023,edge,edge,edge,AS,NA,NA,NA,4404,NA,
8/31/2023,edge,edge,edge,DB,NA,NA,NA,6192,NA,
9/5/2023,1,A,SM,AS,NA,255,0,255,NA,
9/5/2023,1,B,BM,FC,NA,0,0,0,NA,
9/5/2023,1,C,CM,DB,east,0,0,0,NA,
9/5/2023,1,C,CM,DB,west,0,0,0,NA,
9/5/2023,1,D,CM,AS,NA,217,0,217,NA,
9/5/2023,1,E,CM,FC,NA,0,0,0,NA,
9/5/2023,1,F,SM,DB,west,0,0,0,NA,
9/5/2023,1,F,SM,DB,east,0,0,0,NA,
9/5/2023,1,G,BM,AS,NA,173,0,173,NA,
9/5/2023,1,H,SM,FC,NA,0,0,0,NA,
9/5/2023,1,I,BM,DB,west,0,0,0,NA,
9/5/2023,1,I,BM,DB,east,0,0,0,NA,
9/5/2023,2,A,CM,FC,NA,0,0,0,NA,
9/5/2023,2,B,SM,DB,east,0,0,0,NA,
9/5/2023,2,B,SM,DB,west,0,0,0,NA,
9/5/2023,2,C,CM,AS,NA,60,0,60,NA,
9/5/2023,2,D,BM,FC,NA,0,0,0,NA,
9/5/2023,2,E,BM,DB,east,0,0,0,NA,
9/5/2023,2,E,BM,DB,west,0,0,0,NA,
9/5/2023,2,F,BM,AS,NA,172,0,172,NA,
9/5/2023,2,G,SM,FC,NA,0,0,0,NA,
9/5/2023,2,H,CM,DB,east,0,0,0,NA,
9/5/2023,2,H,CM,DB,west,0,0,0,NA,
9/5/2023,2,I,SM,AS,NA,439,0,439,NA,
9/5/2023,3,A,BM,DB,east,0,0,0,NA,
9/5/2023,3,A,BM,DB,west,0,0,0,NA,
9/5/2023,3,B,CM,FC,NA,0,0,0,NA,
9/5/2023,3,C,SM,AS,NA,286,8,294,NA,
9/5/2023,3,D,SM,DB,east,0,0,0,NA,
9/5/2023,3,D,SM,DB,west,0,0,0,NA,
9/5/2023,3,E,BM,FC,NA,0,0,0,NA,
9/5/2023,3,F,BM,AS,NA,261,1,262,NA,
9/5/2023,3,G,CM,DB,east,0,0,0,NA,
9/5/2023,3,G,CM,DB,west,0,0,0,NA,
9/5/2023,3,H,SM,FC,NA,0,0,0,NA,
9/5/2023,3,I,CM,AS,NA,224,23,247,NA,
9/5/2023,4,A,SM,FC,NA,0,0,0,NA,
9/5/2023,4,B,CM,DB,east,0,0,0,NA,
9/5/2023,4,B,CM,DB,west,0,0,0,NA,
9/5/2023,4,C,BM,AS,NA,109,0,109,NA,
9/5/2023,4,D,BM,FC,NA,0,0,0,NA,
9/5/2023,4,E,BM,DB,east,0,0,0,NA,
9/5/2023,4,E,BM,DB,west,0,0,0,NA,
9/5/2023,4,F,SM,AS,NA,398,0,398,NA,
9/5/2023,4,G,CM,FC,NA,0,0,0,NA,
9/5/2023,4,H,SM,DB,east,0,0,0,NA,
9/5/2023,4,H,SM,DB,west,0,0,0,NA,
9/5/2023,4,I,CM,AS,NA,585,0,585,NA,
9/5/2023,5,A,CM,AS,NA,478,0,478,NA,
9/5/2023,5,B,CM,AS,NA,250,3,253,NA,
9/5/2023,5,C,SM,AS,NA,319,0,319,NA,
9/5/2023,5,D,SM,AS,NA,373,20,393,NA,
9/5/2023,5,E,BM,AS,NA,147,0,147,NA,
9/5/2023,5,F,CM,AS,NA,269,0,269,NA,
9/5/2023,5,G,BM,AS,NA,149,0,149,NA,
9/5/2023,5,H,SM,AS,NA,306,0,306,NA,
9/5/2023,5,I,BM,AS,NA,197,8,205,NA,
9/5/2023,edge,edge,edge,AS,NA,NA,NA,5806,NA,
9/7/2023,1,A,SM,AS,NA,35,0,35,NA,
9/7/2023,1,B,BM,FC,NA,194,90,284,NA,
9/7/2023,1,C,CM,DB,east,296,0,296,NA,
9/7/2023,1,C,CM,DB,west,513,0,513,NA,
9/7/2023,1,D,CM,AS,NA,34,0,34,NA,
9/7/2023,1,E,CM,FC,NA,162,108,270,NA,
9/7/2023,1,F,SM,DB,west,422,0,422,NA,
9/7/2023,1,F,SM,DB,east,509,0,509,NA,
9/7/2023,1,G,BM,AS,NA,3,10,13,NA,
9/7/2023,1,H,SM,FC,NA,260,15,275,NA,
9/7/2023,1,I,BM,DB,east,226,0,226,NA,
9/7/2023,1,I,BM,DB,west,487,0,487,NA,
9/7/2023,2,A,CM,FC,NA,230,35,265,NA,
9/7/2023,2,B,SM,DB,west,347,0,347,NA,
9/7/2023,2,B,SM,DB,east,667,0,667,NA,
9/7/2023,2,C,CM,AS,NA,19,0,19,NA,
9/7/2023,2,D,BM,FC,NA,176,86,262,NA,
9/7/2023,2,E,BM,DB,west,339,0,339,NA,
9/7/2023,2,E,BM,DB,east,561,0,561,NA,
9/7/2023,2,F,BM,AS,NA,58,0,58,NA,
9/7/2023,2,G,SM,FC,NA,224,48,272,NA,
9/7/2023,2,H,CM,DB,west,533,0,533,NA,
9/7/2023,2,H,CM,DB,east,747,0,747,NA,
9/7/2023,2,I,SM,AS,NA,94,6,100,NA,
9/7/2023,3,A,BM,DB,west,332,0,332,NA,
9/7/2023,3,A,BM,DB,east,512,0,512,NA,
9/7/2023,3,B,CM,FC,NA,350,34,384,NA,
9/7/2023,3,C,SM,AS,NA,79,0,79,NA,
9/7/2023,3,D,SM,DB,west,303,0,303,NA,
9/7/2023,3,D,SM,DB,east,352,0,352,NA,
9/7/2023,3,E,BM,FC,NA,411,63,474,NA,
9/7/2023,3,F,BM,AS,NA,25,0,25,NA,
9/7/2023,3,G,CM,DB,east,447,0,447,NA,
9/7/2023,3,G,CM,DB,west,473,0,473,NA,
9/7/2023,3,H,SM,FC,NA,430,58,488,NA,
9/7/2023,3,I,CM,AS,NA,115,0,115,NA,
9/7/2023,4,A,SM,FC,NA,73,43,116,NA,
9/7/2023,4,B,CM,DB,east,190,0,190,NA,
9/7/2023,4,B,CM,DB,west,404,0,404,NA,
9/7/2023,4,C,BM,AS,NA,22,0,22,NA,
9/7/2023,4,D,BM,FC,NA,419,18,437,NA,
9/7/2023,4,E,BM,DB,west,213,0,213,NA,
9/7/2023,4,E,BM,DB,east,537,0,537,NA,
9/7/2023,4,F,SM,AS,NA,102,0,102,NA,
9/7/2023,4,G,CM,FC,NA,583,83,666,NA,
9/7/2023,4,H,SM,DB,west,438,0,438,NA,
9/7/2023,4,H,SM,DB,east,535,0,535,NA,
9/7/2023,4,I,CM,AS,NA,112,0,112,NA,
9/7/2023,5,A,CM,AS,NA,28,0,28,NA,
9/7/2023,5,B,CM,AS,NA,16,0,16,NA,
9/7/2023,5,C,SM,AS,NA,77,0,77,NA,
9/7/2023,5,D,SM,AS,NA,54,0,54,NA,
9/7/2023,5,E,BM,AS,NA,65,0,65,NA,
9/7/2023,5,F,CM,AS,NA,30,0,30,NA,
9/7/2023,5,G,BM,AS,NA,11,0,11,NA,
9/7/2023,5,H,SM,AS,NA,70,0,70,NA,
9/7/2023,5,I,BM,AS,NA,25,0,25,NA,
9/11/2023,1,A,SM,AS,NA,107,6,113,NA,
9/11/2023,1,B,BM,FC,NA,307,30,337,NA,
9/11/2023,1,C,CM,DB,east,51,0,51,NA,
9/11/2023,1,C,CM,DB,west,123,0,123,NA,
9/11/2023,1,D,CM,AS,NA,65,0,65,NA,
9/11/2023,1,E,CM,FC,NA,165,35,200,NA,
9/11/2023,1,F,SM,DB,west,79,0,79,NA,
9/11/2023,1,F,SM,DB,east,137,0,137,NA,
9/11/2023,1,G,BM,AS,NA,31,5,36,NA,
9/11/2023,1,H,SM,FC,NA,117,144,261,NA,
9/11/2023,1,I,BM,DB,east,39,0,39,NA,
9/11/2023,1,I,BM,DB,west,120,0,120,NA,
9/11/2023,2,A,CM,FC,NA,181,73,254,NA,
9/11/2023,2,B,SM,DB,west,93,0,93,NA,
9/11/2023,2,B,SM,DB,east,97,0,97,NA,
9/11/2023,2,C,CM,AS,NA,59,1,60,NA,
9/11/2023,2,D,BM,FC,NA,126,75,201,NA,
9/11/2023,2,E,BM,DB,east,67,0,67,NA,
9/11/2023,2,E,BM,DB,west,82,0,82,NA,
9/11/2023,2,F,BM,AS,NA,90,10,100,NA,
9/11/2023,2,G,SM,FC,NA,280,74,354,NA,
9/11/2023,2,H,CM,DB,east,66,0,66,NA,
9/11/2023,2,H,CM,DB,west,194,0,194,NA,
9/11/2023,2,I,SM,AS,NA,130,0,130,NA,
9/11/2023,3,A,BM,DB,east,43,0,43,NA,
9/11/2023,3,A,BM,DB,west,80,0,80,NA,
9/11/2023,3,B,CM,FC,NA,31,40,71,NA,
9/11/2023,3,C,SM,AS,NA,166,1,167,NA,
9/11/2023,3,D,SM,DB,east,33,0,33,NA,
9/11/2023,3,D,SM,DB,west,74,0,74,NA,
9/11/2023,3,E,BM,FC,NA,78,54,132,NA,
9/11/2023,3,F,BM,AS,NA,78,0,78,NA,
9/11/2023,3,G,CM,DB,west,53,0,53,NA,
9/11/2023,3,G,CM,DB,east,58,0,58,NA,
9/11/2023,3,H,SM,FC,NA,164,0,164,NA,
9/11/2023,3,I,CM,AS,NA,51,0,51,NA,
9/11/2023,4,A,SM,FC,NA,72,57,129,NA,
9/11/2023,4,B,CM,DB,east,31,0,31,NA,
9/11/2023,4,B,CM,DB,west,77,0,77,NA,
9/11/2023,4,C,BM,AS,NA,9,0,9,NA,
9/11/2023,4,D,BM,FC,NA,65,112,177,NA,
9/11/2023,4,E,BM,DB,east,73,0,73,NA,
9/11/2023,4,E,BM,DB,west,103,0,103,NA,
9/11/2023,4,F,SM,AS,NA,102,0,102,NA,
9/11/2023,4,G,CM,FC,NA,122,0,122,NA,
9/11/2023,4,H,SM,DB,west,83,0,83,NA,
9/11/2023,4,H,SM,DB,east,137,0,137,NA,
9/11/2023,4,I,CM,AS,NA,136,0,136,NA,
9/11/2023,5,A,CM,AS,NA,53,6,59,NA,
9/11/2023,5,B,CM,AS,NA,49,0,49,NA,
9/11/2023,5,C,SM,AS,NA,155,0,155,NA,
9/11/2023,5,D,SM,AS,NA,117,0,117,NA,
9/11/2023,5,E,BM,AS,NA,29,0,29,NA,
9/11/2023,5,F,CM,AS,NA,107,0,107,NA,
9/11/2023,5,G,BM,AS,NA,73,4,77,NA,
9/11/2023,5,H,SM,AS,NA,190,9,199,NA,
9/11/2023,5,I,BM,AS,NA,95,0,95,NA,
9/11/2023,edge,edge,edge,AS,NA,NA,NA,3038,NA,
9/14/2023,1,A,SM,AS,NA,35,0,35,NA,
9/14/2023,1,B,BM,FC,NA,20,100,120,NA,
9/14/2023,1,C,CM,DB,east,18,0,18,NA,
9/14/2023,1,C,CM,DB,west,29,0,29,NA,
9/14/2023,1,D,CM,AS,NA,19,0,19,NA,
9/14/2023,1,E,CM,FC,NA,57,39,96,NA,
9/14/2023,1,F,SM,DB,east,15,0,15,NA,
9/14/2023,1,F,SM,DB,west,37,0,37,NA,
9/14/2023,1,G,BM,AS,NA,12,2,14,NA,
9/14/2023,1,H,SM,FC,NA,52,49,101,NA,
9/14/2023,1,I,BM,DB,east,8,0,8,NA,
9/14/2023,1,I,BM,DB,west,34,0,34,NA,
9/14/2023,2,A,CM,FC,NA,139,15,154,NA,
9/14/2023,2,B,SM,DB,west,16,0,16,NA,
9/14/2023,2,B,SM,DB,east,25,0,25,NA,
9/14/2023,2,C,CM,AS,NA,20,0,20,NA,
9/14/2023,2,D,BM,FC,NA,33,16,49,NA,
9/14/2023,2,E,BM,DB,west,45,0,45,NA,
9/14/2023,2,E,BM,DB,east,53,0,53,NA,
9/14/2023,2,F,BM,AS,NA,19,0,19,NA,
9/14/2023,2,G,SM,FC,NA,110,29,139,NA,
9/14/2023,2,H,CM,DB,west,19,0,19,NA,
9/14/2023,2,H,CM,DB,east,31,0,31,NA,
9/14/2023,2,I,SM,AS,NA,56,0,56,NA,
9/14/2023,3,A,BM,DB,west,68,0,68,NA,
9/14/2023,3,A,BM,DB,east,141,0,141,NA,
9/14/2023,3,B,CM,FC,NA,92,73,165,NA,
9/14/2023,3,C,SM,AS,NA,22,0,22,NA,
9/14/2023,3,D,SM,DB,east,32,0,32,NA,
9/14/2023,3,D,SM,DB,west,45,0,45,NA,
9/14/2023,3,E,BM,FC,NA,99,62,161,NA,
9/14/2023,3,F,BM,AS,NA,16,0,16,NA,
9/14/2023,3,G,CM,DB,east,10,0,10,NA,
9/14/2023,3,G,CM,DB,west,41,0,41,NA,
9/14/2023,3,H,SM,FC,NA,56,99,155,NA,
9/14/2023,3,I,CM,AS,NA,27,0,27,NA,
9/14/2023,4,A,SM,FC,NA,58,30,88,NA,
9/14/2023,4,B,CM,DB,east,3,0,3,NA,
9/14/2023,4,B,CM,DB,west,37,0,37,NA,
9/14/2023,4,C,BM,AS,NA,18,0,18,NA,
9/14/2023,4,D,BM,FC,NA,73,121,194,NA,
9/14/2023,4,E,BM,DB,west,13,0,13,NA,
9/14/2023,4,E,BM,DB,east,22,0,22,NA,
9/14/2023,4,F,SM,AS,NA,28,0,28,NA,
9/14/2023,4,G,CM,FC,NA,135,84,219,NA,
9/14/2023,4,H,SM,DB,west,25,0,25,NA,
9/14/2023,4,H,SM,DB,east,26,0,26,NA,
9/14/2023,4,I,CM,AS,NA,94,0,94,NA,
9/14/2023,5,A,CM,AS,NA,9,0,9,NA,
9/14/2023,5,B,CM,AS,NA,14,0,14,NA,
9/14/2023,5,C,SM,AS,NA,67,0,67,NA,
9/14/2023,5,D,SM,AS,NA,56,5,61,NA,
9/14/2023,5,E,BM,AS,NA,17,0,17,NA,
9/14/2023,5,F,CM,AS,NA,18,0,18,NA,
9/14/2023,5,G,BM,AS,NA,27,0,27,NA,
9/14/2023,5,H,SM,AS,NA,24,0,24,NA,
9/14/2023,5,I,BM,AS,NA,17,0,17,NA,
9/14/2023,edge,edge,edge,AS,NA,NA,NA,677,NA,
9/14/2023,edge,edge,edge,FC,NA,NA,NA,3900,NA,B1&B2 only
9/18/2023,1,A,SM,AS,NA,130,2,132,NA,
9/18/2023,1,B,BM,FC,NA,184,284,468,NA,
9/18/2023,1,C,CM,DB,west,103,0,103,NA,
9/18/2023,1,C,CM,DB,east,119,0,119,NA,
9/18/2023,1,D,CM,AS,NA,34,1,35,NA,
9/18/2023,1,E,CM,FC,NA,192,224,416,NA,
9/18/2023,1,F,SM,DB,west,110,0,110,NA,
9/18/2023,1,F,SM,DB,east,149,0,149,NA,
9/18/2023,1,G,BM,AS,NA,32,1,33,NA,
9/18/2023,1,H,SM,FC,NA,125,153,278,NA,
9/18/2023,1,I,BM,DB,east,82,0,82,NA,
9/18/2023,1,I,BM,DB,west,116,0,116,NA,
9/18/2023,2,A,CM,FC,NA,249,190,439,NA,
9/18/2023,2,B,SM,DB,west,122,0,122,NA,
9/18/2023,2,B,SM,DB,east,139,0,139,NA,
9/18/2023,2,C,CM,AS,NA,49,0,49,NA,
9/18/2023,2,D,BM,FC,NA,242,238,480,NA,
9/18/2023,2,E,BM,DB,west,109,0,109,NA,
9/18/2023,2,E,BM,DB,east,126,0,126,NA,
9/18/2023,2,F,BM,AS,NA,65,0,65,NA,
9/18/2023,2,G,SM,FC,NA,135,301,436,NA,
9/18/2023,2,H,CM,DB,west,175,0,175,NA,
9/18/2023,2,H,CM,DB,east,183,0,183,NA,
9/18/2023,2,I,SM,AS,NA,69,0,69,NA,
9/18/2023,3,A,BM,DB,east,117,0,117,NA,
9/18/2023,3,A,BM,DB,west,135,0,135,NA,
9/18/2023,3,B,CM,FC,NA,181,432,613,NA,
9/18/2023,3,C,SM,AS,NA,74,0,74,NA,
9/18/2023,3,D,SM,DB,east,114,0,114,NA,"data not provided, based on order of the rest of the data sheet"
9/18/2023,3,D,SM,DB,west,139,0,139,NA,"data not provided, based on order of the rest of the data sheet"
9/18/2023,3,E,BM,FC,NA,153,420,573,NA,
9/18/2023,3,F,BM,AS,NA,45,0,45,NA,
9/18/2023,3,G,CM,DB,west,108,0,108,NA,
9/18/2023,3,G,CM,DB,east,173,0,173,NA,
9/18/2023,3,H,SM,FC,NA,154,268,422,NA,
9/18/2023,3,I,CM,AS,NA,54,0,54,NA,
9/18/2023,4,A,SM,FC,NA,267,90,357,NA,
9/18/2023,4,B,CM,DB,east,30,0,30,NA,
9/18/2023,4,B,CM,DB,west,115,0,115,NA,
9/18/2023,4,C,BM,AS,NA,15,0,15,NA,
9/18/2023,4,D,SM,FC,NA,263,116,379,NA,
9/18/2023,4,E,BM,DB,east,62,0,62,NA,
9/18/2023,4,E,BM,DB,west,104,0,104,NA,
9/18/2023,4,F,SM,AS,NA,119,11,130,NA,
9/18/2023,4,G,BM,FC,NA,396,59,455,NA,
9/18/2023,4,H,SM,DB,west,94,0,94,NA,
9/18/2023,4,H,SM,DB,east,212,0,212,NA,
9/18/2023,4,I,CM,AS,NA,159,0,159,NA,
9/18/2023,5,A,CM,AS,NA,70,2,72,NA,
9/18/2023,5,B,CM,AS,NA,55,4,59,NA,
9/18/2023,5,C,SM,AS,NA,98,0,98,NA,
9/18/2023,5,D,SM,AS,NA,64,1,65,NA,
9/18/2023,5,E,BM,AS,NA,46,0,46,NA,
9/18/2023,5,F,CM,AS,NA,30,1,31,NA,
9/18/2023,5,G,BM,AS,NA,45,0,45,NA,
9/18/2023,5,H,SM,AS,NA,183,0,183,NA,
9/18/2023,5,I,BM,AS,NA,45,0,45,NA,
9/18/2023,edge,edge,edge,AS,NA,NA,NA,1632,NA,
9/21/2023,edge,edge,edge,FC,NA,NA,NA,8220,NA,
9/26/2023,1,A,SM,AS,NA,214,63,277,NA,
9/26/2023,1,B,BM,FC,NA,68,32,100,NA,
9/26/2023,1,C,CM,DB,east,345,0,345,NA,
9/26/2023,1,C,CM,DB,west,502,0,502,NA,
9/26/2023,1,D,CM,AS,NA,0,103,103,NA,
9/26/2023,1,E,CM,FC,NA,0,115,115,NA,
9/26/2023,1,F,SM,DB,east,344,0,344,NA,
9/26/2023,1,F,SM,DB,west,616,0,616,NA,
9/26/2023,1,G,BM,AS,NA,0,108,108,NA,
9/26/2023,1,H,SM,FC,NA,0,212,212,NA,
9/26/2023,1,I,BM,DB,east,385,0,385,NA,
9/26/2023,1,I,BM,DB,west,509,0,509,NA,
9/26/2023,2,A,CM,FC,NA,13,41,54,NA,
9/26/2023,2,B,SM,DB,east,446,0,446,NA,
9/26/2023,2,B,SM,DB,west,621,0,621,NA,
9/26/2023,2,C,CM,AS,NA,20,88,108,NA,
9/26/2023,2,D,BM,FC,NA,23,109,132,NA,
9/26/2023,2,E,BM,DB,east,496,0,496,NA,
9/26/2023,2,E,BM,DB,west,534,0,534,NA,
9/26/2023,2,F,BM,AS,NA,172,28,200,NA,
9/26/2023,2,G,SM,FC,NA,81,67,148,NA,
9/26/2023,2,H,CM,DB,west,494,0,494,NA,
9/26/2023,2,H,CM,DB,east,581,0,581,NA,
9/26/2023,2,I,SM,AS,NA,126,179,305,NA,
9/26/2023,3,A,BM,DB,west,195,0,195,NA,
9/26/2023,3,A,BM,DB,east,340,0,340,NA,
9/26/2023,3,B,CM,FC,NA,63,43,106,NA,
9/26/2023,3,C,SM,AS,NA,288,175,463,NA,
9/26/2023,3,D,SM,DB,west,337,0,337,NA,
9/26/2023,3,D,SM,DB,east,405,0,405,NA,
9/26/2023,3,E,BM,FC,NA,70,41,111,NA,
9/26/2023,3,F,BM,AS,NA,52,203,255,NA,
9/26/2023,3,G,CM,DB,west,198,0,198,NA,
9/26/2023,3,G,CM,DB,east,206,0,206,NA,
9/26/2023,3,H,SM,FC,NA,45,142,187,NA,
9/26/2023,3,I,CM,AS,NA,112,87,199,NA,
9/26/2023,4,A,SM,FC,NA,79,190,269,NA,
9/26/2023,4,B,CM,DB,west,322,0,322,NA,
9/26/2023,4,B,CM,DB,east,430,0,430,NA,
9/26/2023,4,C,BM,AS,NA,80,0,80,NA,
9/26/2023,4,D,BM,FC,NA,122,197,319,NA,
9/26/2023,4,E,BM,DB,east,457,0,457,NA,
9/26/2023,4,E,BM,DB,west,516,0,516,NA,
9/26/2023,4,F,SM,AS,NA,108,40,148,NA,
9/26/2023,4,G,CM,FC,NA,208,235,443,NA,
9/26/2023,4,H,SM,DB,west,252,0,252,NA,
9/26/2023,4,H,SM,DB,east,330,0,330,NA,
9/26/2023,4,I,CM,AS,NA,379,37,416,NA,
9/26/2023,5,A,CM,AS,NA,53,80,133,NA,
9/26/2023,5,B,CM,AS,NA,66,115,181,NA,
9/26/2023,5,C,BM,AS,NA,27,199,226,NA,
9/26/2023,5,D,SM,AS,NA,83,185,268,NA,
9/26/2023,5,E,BM,AS,NA,19,85,104,NA,
9/26/2023,5,F,CM,AS,NA,113,223,336,NA,
9/26/2023,5,G,BM,AS,NA,0,81,81,NA,
9/26/2023,5,H,SM,AS,NA,0,80,80,NA,
9/26/2023,5,I,BM,AS,NA,0,140,140,NA,
9/26/2023,edge,edge,edge,AS,NA,NA,NA,2361,NA,
9/26/2023,edge,edge,edge,FC,NA,NA,NA,5866,NA,
9/28/2023,1,A,SM,AS,NA,89,0,89,93,unripe in biomass
9/28/2023,1,B,BM,FC,NA,243,438,681,,unripe (310g) in unmarketable
9/28/2023,1,C,CM,DB,west,11,0,11,99,unripe in biomass
9/28/2023,1,C,CM,DB,east,50,0,50,125,unripe in biomass
9/28/2023,1,D,CM,AS,NA,0,0,0,,
9/28/2023,1,E,CM,FC,NA,601,346,947,,unripe (315g) in unmarketable
9/28/2023,1,F,SM,DB,east,32,0,32,107,unripe in biomass
9/28/2023,1,F,SM,DB,west,33,0,33,118,unripe in biomass
9/28/2023,1,G,BM,AS,NA,0,5,5,19,unripe in biomass
9/28/2023,1,H,SM,FC,NA,449,374,823,,unripe (304g) in unmarketable
9/28/2023,1,I,BM,DB,east,17,0,17,80,unripe in biomass
9/28/2023,1,I,BM,DB,west,15,0,15,127,unripe in biomass
9/28/2023,2,A,CM,FC,NA,83,450,533,,unripe (282g) in unmarketable
9/28/2023,2,B,SM,DB,east,20,0,20,58,unripe in biomass
9/28/2023,2,B,SM,DB,west,90,0,90,89,unripe in biomass
9/28/2023,2,C,CM,AS,NA,0,0,0,54,unripe in biomass
9/28/2023,2,D,BM,FC,NA,0,470,470,,unripe (353g) in unmarketable
9/28/2023,2,E,BM,DB,west,3,0,3,82,unripe in biomass
9/28/2023,2,E,BM,DB,east,6,0,6,118,unripe in biomass
9/28/2023,2,F,BM,AS,NA,10,0,10,78,unripe in biomass
9/28/2023,2,G,SM,FC,NA,288,246,534,,unripe (202g) in unmarketable
9/28/2023,2,H,CM,DB,west,29,0,29,72,unripe in biomass
9/28/2023,2,H,CM,DB,east,36,0,36,76,unripe in biomass
9/28/2023,2,I,SM,AS,NA,40,46,86,56,unripe in biomass
9/28/2023,3,A,BM,DB,west,70,0,70,165,unripe in biomass
9/28/2023,3,A,BM,DB,east,137,0,137,163,unripe in biomass
9/28/2023,3,B,CM,FC,NA,218,269,487,,unripe (178g) in unmarketable
9/28/2023,3,C,SM,AS,NA,52,6,58,72,unripe in biomass
9/28/2023,3,D,SM,DB,east,163,0,163,199,unripe in biomass
9/28/2023,3,D,SM,DB,west,240,0,240,140,unripe in biomass
9/28/2023,3,E,BM,FC,NA,175,216,391,,unripe (173g) in unmarketable
9/28/2023,3,F,BM,AS,NA,20,0,20,16,unripe in biomass
9/28/2023,3,G,CM,DB,east,111,0,111,185,unripe in biomass
9/28/2023,3,G,CM,DB,west,120,0,120,210,unripe in biomass
9/28/2023,3,H,SM,FC,NA,103,341,444,,unripe (255g) in unmarketable
9/28/2023,3,I,CM,AS,NA,24,23,47,53,unripe in biomass
9/28/2023,4,A,SM,FC,NA,242,228,470,,unripe(120g) in unmarketable
9/28/2023,4,B,CM,DB,east,6,0,6,73,unripe in biomass
9/28/2023,4,B,CM,DB,west,28,0,28,92,unripe in biomass
9/28/2023,4,C,BM,AS,NA,45,0,45,57,unripe in biomass
9/28/2023,4,D,BM,FC,NA,245,570,815,,unripe (360g) in unmarketable
9/28/2023,4,E,BM,DB,west,0,0,0,84,unripe in biomass
9/28/2023,4,E,BM,DB,east,42,0,42,138,unripe in biomass
9/28/2023,4,F,SM,AS,NA,50,0,50,116,unripe in biomass
9/28/2023,4,G,CM,FC,NA,400,348,748,191,unripe (191g) in unmarketable
9/28/2023,4,H,SM,DB,west,0,0,0,77,unripe in biomass
9/28/2023,4,H,SM,DB,east,23,0,23,111,unripe in biomass
9/28/2023,4,I,CM,AS,NA,15,0,15,105,unripe in biomass
9/28/2023,5,A,CM,AS,NA,21,3,24,31,unripe in biomass
9/28/2023,5,B,CM,AS,NA,38,0,38,47,unripe in biomass
9/28/2023,5,C,SM,AS,NA,30,0,30,36,unripe in biomass
9/28/2023,5,D,SM,AS,NA,50,0,50,37,unripe in biomass
9/28/2023,5,E,BM,AS,NA,21,0,21,29,unripe in biomass
9/28/2023,5,F,CM,AS,NA,15,0,15,85,unripe in biomass
9/28/2023,5,G,BM,AS,NA,0,11,11,13,unripe in biomass
9/28/2023,5,H,SM,AS,NA,15,0,15,23,unripe in biomass
9/28/2023,5,I,BM,AS,NA,30,0,30,114,unripe in biomass
9/28/2023,edge,edge,edge,AS,NA,NA,NA,1595,NA,
9/28/2023,edge,edge,edge,DB,NA,NA,NA,8444,NA,"marketable and unmarketable split on data sheet, combined here. only marketable included here: additional 3479 g of unmarketable"
9/28/2023,edge,edge,edge,FC,NA,NA,NA,13692,NA,
10/2/2023,edge,edge,edge,DB,NA,NA,NA,8128,NA,marketable and unmarketable tracked on datasheet. only marketable included in total: additional 8679 grams unmarketable
10/5/2023,1,A,SM,AS,NA,NA,NA,NA,687,final plot biomass
10/5/2023,1,B,BM,FC,NA,NA,NA,NA,593,final plot biomass
10/5/2023,1,C,CM,DB,east,NA,NA,NA,587,final plot biomass
10/5/2023,1,C,CM,DB,west,NA,NA,NA,1286,final plot biomass
10/5/2023,1,D,CM,AS,NA,NA,NA,NA,547,final plot biomass
10/5/2023,1,E,CM,FC,NA,NA,NA,NA,640,final plot biomass
10/5/2023,1,F,SM,DB,east,NA,NA,NA,568,final plot biomass
10/5/2023,1,F,SM,DB,west,NA,NA,NA,915,final plot biomass
10/5/2023,1,G,BM,AS,NA,NA,NA,NA,515,final plot biomass
10/5/2023,1,H,SM,FC,NA,NA,NA,NA,584,final plot biomass
10/5/2023,1,I,BM,DB,west,NA,NA,NA,851,final plot biomass
10/5/2023,1,I,BM,DB,east,NA,NA,NA,1221,final plot biomass
10/5/2023,2,A,CM,FC,NA,NA,NA,NA,1048,final plot biomass
10/5/2023,2,B,SM,DB,west,NA,NA,NA,1137,final plot biomass
10/5/2023,2,B,SM,DB,east,NA,NA,NA,2006,final plot biomass
10/5/2023,2,C,CM,AS,NA,NA,NA,NA,662,final plot biomass
10/5/2023,2,D,BM,FC,NA,NA,NA,NA,991,final plot biomass
10/5/2023,2,E,BM,DB,west,NA,NA,NA,1271,final plot biomass
10/5/2023,2,E,BM,DB,east,NA,NA,NA,1619,final plot biomass
10/5/2023,2,F,BM,AS,NA,NA,NA,NA,312,final plot biomass
10/5/2023,2,G,SM,FC,NA,NA,NA,NA,1068,final plot biomass
10/5/2023,2,H,CM,DB,east,NA,NA,NA,1862,final plot biomass
10/5/2023,2,H,CM,DB,west,NA,NA,NA,1886,final plot biomass
10/5/2023,2,I,SM,AS,NA,NA,NA,NA,894,final plot biomass
10/5/2023,3,A,BM,DB,east,NA,NA,NA,1360,final plot biomass
10/5/2023,3,A,BM,DB,west,NA,NA,NA,1655,final plot biomass
10/5/2023,3,D,SM,DB,east,NA,NA,NA,2300,final plot biomass
10/5/2023,3,D,SM,DB,west,NA,NA,NA,2723,final plot biomass
10/5/2023,3,G,CM,DB,west,NA,NA,NA,1751,final plot biomass
10/5/2023,5,A,CM,AS,NA,NA,NA,NA,560,final plot biomass
10/5/2023,5,B,CM,AS,NA,NA,NA,NA,310,final plot biomass
10/5/2023,5,C,SM,AS,NA,NA,NA,NA,523,final plot biomass
10/5/2023,5,D,SM,AS,NA,NA,NA,NA,806,final plot biomass
10/5/2023,5,E,BM,AS,NA,NA,NA,NA,688,final plot biomass
10/5/2023,5,F,CM,AS,NA,NA,NA,NA,582,final plot biomass
10/5/2023,5,G,BM,AS,NA,NA,NA,NA,728,final plot biomass
10/5/2023,5,H,SM,AS,NA,NA,NA,NA,924,final plot biomass
10/5/2023,5,I,BM,AS,NA,NA,NA,NA,817,final plot biomass
10/5/2023,edge,edge,edge,DB,NA,NA,NA,NA,964,Unmarketable beans not weighed
10/6/2023,3,B,CM,FC,NA,NA,NA,NA,316,final plot biomass
10/6/2023,3,C,SM,AS,NA,NA,NA,NA,432,final plot biomass
10/6/2023,3,E,BM,FC,NA,NA,NA,NA,458,final plot biomass
10/6/2023,3,F,BM,AS,NA,NA,NA,NA,386,final plot biomass
10/6/2023,3,G,CM,DB,east,NA,NA,NA,1215,final plot biomass
10/6/2023,3,H,SM,FC,NA,NA,NA,NA,637,final plot biomass
10/6/2023,3,I,CM,AS,NA,NA,NA,NA,578,final plot biomass
10/6/2023,4,A,SM,FC,NA,NA,NA,NA,423,final plot biomass
10/6/2023,4,B,CM,DB,east,NA,NA,NA,548,final plot biomass
10/6/2023,4,B,CM,DB,west,NA,NA,NA,847,final plot biomass
10/6/2023,4,C,BM,AS,NA,NA,NA,NA,283,final plot biomass
10/6/2023,4,D,BM,FC,NA,NA,NA,NA,587,final plot biomass
10/6/2023,4,E,BM,DB,west,NA,NA,NA,589,final plot biomass
10/6/2023,4,E,BM,DB,east,NA,NA,NA,1174,final plot biomass
10/6/2023,4,F,SM,AS,NA,NA,NA,NA,331,final plot biomass
10/6/2023,4,G,CM,FC,NA,NA,NA,NA,656,final plot biomass
10/6/2023,4,H,SM,DB,west,NA,NA,NA,731,final plot biomass
10/6/2023,4,H,SM,DB,east,NA,NA,NA,918,final plot biomass
10/6/2023,4,I,CM,AS,NA,NA,NA,NA,755,final plot biomass
10/6/2023,edge,edge,edge,AS,NA,NA,NA,NA,9100,final edge biomass
10/6/2023,edge,edge,edge,FC,NA,NA,NA,NA,27900,final edge biomass
10/6/2023,edge,edge,edge,DB,NA,NA,NA,NA,34100,final edge biomass
7/1/2024,1,A,SM,DB,east,0,0,0,NA,
7/1/2024,1,A,SM,DB,west,0,0,0,NA,
7/1/2024,1,B,BM,AS,NA,0,0,0,NA,
7/1/2024,1,B,BM,AS,NA,3,0,3,NA,
7/1/2024,1,C,CM,FC,NA,0,0,0,NA,
7/1/2024,1,D,CM,DB,east,0,0,0,NA,
7/1/2024,1,D,CM,DB,west,0,0,0,NA,
7/1/2024,1,E,CM,AS,NA,0,0,0,NA,
7/1/2024,1,F,SM,FC,NA,0,0,0,NA,
7/1/2024,1,G,BM,DB,east,0,0,0,NA,
7/1/2024,1,G,BM,DB,west,0,0,0,NA,
7/1/2024,1,H,SM,AS,NA,0,0,0,NA,
7/1/2024,1,I,BM,FC,NA,0,0,0,NA,
7/1/2024,2,A,CM,AS,NA,4,0,4,NA,
7/1/2024,2,B,SM,FC,NA,0,0,0,NA,
7/1/2024,2,C,CM,DB,east,0,0,0,NA,
7/1/2024,2,C,CM,DB,west,0,0,0,NA,
7/1/2024,2,D,BM,AS,NA,0,0,0,NA,
7/1/2024,2,E,BM,FC,NA,0,0,0,NA,
7/1/2024,2,F,BM,DB,east,0,0,0,NA,
7/1/2024,2,F,BM,DB,west,0,0,0,NA,
7/1/2024,2,G,SM,AS,NA,0,0,0,NA,
7/1/2024,2,H,CM,FC,NA,0,0,0,NA,
7/1/2024,2,I,SM,DB,east,0,0,0,NA,
7/1/2024,2,I,SM,DB,west,0,0,0,NA,
7/1/2024,3,A,BM,FC,NA,0,0,0,NA,
7/1/2024,3,B,CM,AS,NA,0,0,0,NA,
7/1/2024,3,C,SM,DB,east,0,0,0,NA,
7/1/2024,3,C,SM,DB,west,0,0,0,NA,
7/1/2024,3,D,SM,FC,NA,0,0,0,NA,
7/1/2024,3,E,BM,AS,NA,0,0,0,NA,
7/1/2024,3,F,BM,DB,east,0,0,0,NA,
7/1/2024,3,F,BM,DB,west,0,0,0,NA,
7/1/2024,3,G,CM,FC,NA,0,0,0,NA,
7/1/2024,3,H,SM,AS,NA,0,0,0,NA,
7/1/2024,3,I,CM,DB,east,0,0,0,NA,
7/1/2024,3,I,CM,DB,west,0,0,0,NA,
7/1/2024,4,A,SM,AS,NA,0,0,0,NA,
7/1/2024,4,B,CM,FC,NA,0,0,0,NA,
7/1/2024,4,C,BM,DB,east,0,0,0,NA,
7/1/2024,4,C,BM,DB,west,0,0,0,NA,
7/1/2024,4,D,BM,AS,NA,0,0,0,NA,
7/1/2024,4,E,BM,FC,NA,0,0,0,NA,
7/1/2024,4,F,SM,DB,east,0,0,0,NA,
7/1/2024,4,F,SM,DB,west,0,0,0,NA,
7/1/2024,4,G,CM,AS,NA,0,0,0,NA,
7/1/2024,4,H,SM,FC,NA,0,0,0,NA,
7/1/2024,4,I,CM,DB,east,0,0,0,NA,
7/1/2024,4,I,CM,DB,west,0,0,0,NA,
7/1/2024,edge,edge,edge,AS,NA,NA,NA,62,NA,
7/9/2024,1,A,SM,DB,east,0,0,0,NA,
7/9/2024,1,A,SM,DB,west,0,0,0,NA,
7/9/2024,1,B,BM,AS,NA,21,6,27,NA,
7/9/2024,1,C,CM,FC,NA,0,0,0,NA,
7/9/2024,1,D,CM,DB,east,0,0,0,NA,
7/9/2024,1,D,CM,DB,west,0,0,0,NA,
7/9/2024,1,E,CM,AS,NA,0,0,0,NA,
7/9/2024,1,F,SM,FC,NA,0,0,0,NA,
7/9/2024,1,G,BM,DB,east,0,0,0,NA,
7/9/2024,1,G,BM,DB,west,0,0,0,NA,
7/9/2024,1,H,SM,AS,NA,20,0,20,NA,
7/9/2024,1,I,BM,FC,NA,0,0,0,NA,
7/9/2024,2,A,CM,AS,NA,19,0,19,NA,
7/9/2024,2,B,SM,FC,NA,0,0,0,NA,
7/9/2024,2,C,CM,DB,east,0,0,0,NA,
7/9/2024,2,C,CM,DB,west,0,0,0,NA,
7/9/2024,2,D,BM,AS,NA,9,0,9,NA,
7/9/2024,2,E,BM,FC,NA,0,0,0,NA,
7/9/2024,2,F,BM,DB,east,0,0,0,NA,
7/9/2024,2,F,BM,DB,west,0,0,0,NA,
7/9/2024,2,G,SM,AS,NA,18,14,32,NA,
7/9/2024,2,H,CM,FC,NA,0,0,0,NA,
7/9/2024,2,I,SM,DB,east,0,0,0,NA,
7/9/2024,2,I,SM,DB,west,0,0,0,NA,
7/9/2024,3,A,BM,FC,NA,0,0,0,NA,
7/9/2024,3,B,CM,AS,NA,17,0,17,NA,
7/9/2024,3,C,SM,DB,east,0,0,0,NA,
7/9/2024,3,C,SM,DB,west,0,0,0,NA,
7/9/2024,3,D,SM,FC,NA,0,0,0,NA,
7/9/2024,3,E,BM,AS,NA,0,0,0,NA,
7/9/2024,3,F,BM,DB,east,0,0,0,NA,
7/9/2024,3,F,BM,DB,west,0,0,0,NA,
7/9/2024,3,G,CM,FC,NA,0,0,0,NA,
7/9/2024,3,H,SM,AS,NA,73,12,85,NA,
7/9/2024,3,I,CM,DB,east,0,0,0,NA,
7/9/2024,3,I,CM,DB,west,0,0,0,NA,
7/9/2024,4,A,SM,AS,NA,0,41,41,NA,
7/9/2024,4,B,CM,FC,NA,0,0,0,NA,
7/9/2024,4,C,BM,DB,east,0,0,0,NA,
7/9/2024,4,C,BM,DB,west,0,0,0,NA,
7/9/2024,4,D,BM,AS,NA,0,0,0,NA,
7/9/2024,4,E,BM,FC,NA,0,0,0,NA,
7/9/2024,4,F,SM,DB,east,0,0,0,NA,
7/9/2024,4,F,SM,DB,west,0,0,0,NA,
7/9/2024,4,G,CM,AS,NA,19,3,22,NA,
7/9/2024,4,H,SM,FC,NA,0,0,0,NA,
7/9/2024,4,I,CM,DB,east,0,0,0,NA,
7/9/2024,4,I,CM,DB,west,0,0,0,NA,
7/9/2024,edge,edge,edge,AS,NA,NA,NA,263,NA,
7/12/2024,1,A,SM,DB,east,0,0,0,NA,
7/12/2024,1,A,SM,DB,west,0,0,0,NA,
7/12/2024,1,B,BM,AS,NA,12,0,12,NA,
7/12/2024,1,C,CM,FC,NA,585,0,585,NA,
7/12/2024,1,D,CM,DB,east,0,0,0,NA,
7/12/2024,1,D,CM,DB,west,0,0,0,NA,
7/12/2024,1,E,CM,AS,NA,19,0,19,NA,
7/12/2024,1,F,SM,FC,NA,510,45,555,NA,
7/12/2024,1,G,BM,DB,east,0,0,0,NA,
7/12/2024,1,G,BM,DB,west,0,0,0,NA,
7/12/2024,1,H,SM,AS,NA,8,0,8,NA,
7/12/2024,1,I,BM,FC,NA,640,0,640,NA,
7/12/2024,2,A,CM,AS,NA,0,0,0,NA,
7/12/2024,2,B,SM,FC,NA,1205,0,1205,NA,
7/12/2024,2,C,CM,DB,east,0,0,0,NA,
7/12/2024,2,C,CM,DB,west,0,0,0,NA,
7/12/2024,2,D,BM,AS,NA,0,0,0,NA,
7/12/2024,2,E,BM,FC,NA,2190,0,2190,NA,
7/12/2024,2,F,BM,DB,east,0,0,0,NA,
7/12/2024,2,F,BM,DB,west,0,0,0,NA,
7/12/2024,2,G,SM,AS,NA,11,0,11,NA,
7/12/2024,2,H,CM,FC,NA,1450,0,1450,NA,
7/12/2024,2,I,SM,DB,east,0,0,0,NA,
7/12/2024,2,I,SM,DB,west,0,0,0,NA,
7/12/2024,3,A,BM,FC,NA,768,0,768,NA,
7/12/2024,3,B,CM,AS,NA,36,0,36,NA,
7/12/2024,3,C,SM,DB,east,0,0,0,NA,
7/12/2024,3,C,SM,DB,west,0,0,0,NA,
7/12/2024,3,D,SM,FC,NA,1421,32,1453,NA,
7/12/2024,3,E,BM,AS,NA,0,0,0,NA,
7/12/2024,3,F,BM,DB,east,0,0,0,NA,
7/12/2024,3,F,BM,DB,west,0,0,0,NA,
7/12/2024,3,G,CM,FC,NA,2509,17,2526,NA,
7/12/2024,3,H,SM,AS,NA,0,0,0,NA,
7/12/2024,3,I,CM,DB,east,0,0,0,NA,
7/12/2024,3,I,CM,DB,west,0,0,0,NA,
7/12/2024,4,A,SM,AS,NA,15,0,15,NA,
7/12/2024,4,B,CM,FC,NA,732,15,747,NA,
7/12/2024,4,C,BM,DB,east,0,0,0,NA,
7/12/2024,4,C,BM,DB,west,0,0,0,NA,
7/12/2024,4,D,BM,AS,NA,0,0,0,NA,
7/12/2024,4,E,BM,FC,NA,2265,43,2308,NA,
7/12/2024,4,F,SM,DB,east,0,0,0,NA,
7/12/2024,4,F,SM,DB,west,0,0,0,NA,
7/12/2024,4,G,CM,AS,NA,19,0,19,NA,
7/12/2024,4,H,SM,FC,NA,1151,0,1151,NA,
7/12/2024,4,I,CM,DB,east,0,0,0,NA,
7/12/2024,4,I,CM,DB,west,0,0,0,NA,
7/12/2024,edge,edge,edge,AS,NA,NA,NA,55,NA,
7/12/2024,edge,edge,edge,FC,NA,NA,NA,9577,NA,
7/16/2024,1,A,SM,DB,east,0,0,0,NA,
7/16/2024,1,A,SM,DB,west,0,0,0,NA,
7/16/2024,1,B,BM,AS,NA,0,0,0,NA,
7/16/2024,1,C,CM,FC,NA,0,0,0,NA,
7/16/2024,1,D,CM,DB,east,0,0,0,NA,
7/16/2024,1,D,CM,DB,west,0,0,0,NA,
7/16/2024,1,E,CM,AS,NA,8,0,8,NA,
7/16/2024,1,F,SM,FC,NA,0,0,0,NA,
7/16/2024,1,G,BM,DB,east,0,0,0,NA,
7/16/2024,1,G,BM,DB,west,0,0,0,NA,
7/16/2024,1,H,SM,AS,NA,0,0,0,NA,
7/16/2024,1,I,BM,FC,NA,0,0,0,NA,
7/16/2024,2,A,CM,AS,NA,0,0,0,NA,
7/16/2024,2,B,SM,FC,NA,0,0,0,NA,
7/16/2024,2,C,CM,DB,east,0,0,0,NA,
7/16/2024,2,C,CM,DB,west,0,0,0,NA,
7/16/2024,2,D,BM,AS,NA,0,0,0,NA,
7/16/2024,2,E,BM,FC,NA,0,0,0,NA,
7/16/2024,2,F,BM,DB,east,0,0,0,NA,
7/16/2024,2,F,BM,DB,west,0,0,0,NA,
7/16/2024,2,G,SM,AS,NA,0,0,0,NA,
7/16/2024,2,H,CM,FC,NA,0,0,0,NA,
7/16/2024,2,I,SM,DB,east,0,0,0,NA,
7/16/2024,2,I,SM,DB,west,0,0,0,NA,
7/16/2024,3,A,BM,FC,NA,0,0,0,NA,
7/16/2024,3,B,CM,AS,NA,0,0,0,NA,
7/16/2024,3,C,SM,DB,east,0,0,0,NA,
7/16/2024,3,C,SM,DB,west,0,0,0,NA,
7/16/2024,3,D,SM,FC,NA,0,0,0,NA,
7/16/2024,3,E,BM,AS,NA,10,3,13,NA,
7/16/2024,3,F,BM,DB,east,0,0,0,NA,
7/16/2024,3,F,BM,DB,west,0,0,0,NA,
7/16/2024,3,G,CM,FC,NA,0,0,0,NA,
7/16/2024,3,H,SM,AS,NA,0,0,0,NA,
7/16/2024,3,I,CM,DB,east,0,0,0,NA,
7/16/2024,3,I,CM,DB,west,0,0,0,NA,
7/16/2024,4,A,SM,AS,NA,0,0,0,NA,
7/16/2024,4,B,CM,FC,NA,0,0,0,NA,
7/16/2024,4,C,BM,DB,east,0,0,0,NA,
7/16/2024,4,C,BM,DB,west,0,0,0,NA,
7/16/2024,4,D,BM,AS,NA,0,0,0,NA,
7/16/2024,4,E,BM,FC,NA,0,0,0,NA,
7/16/2024,4,F,SM,DB,east,0,0,0,NA,
7/16/2024,4,F,SM,DB,west,0,0,0,NA,
7/16/2024,4,G,CM,AS,NA,11,0,11,NA,
7/16/2024,4,H,SM,FC,NA,0,0,0,NA,
7/16/2024,4,I,CM,DB,east,0,0,0,NA,
7/16/2024,4,I,CM,DB,west,0,0,0,NA,
7/16/2024,edge,edge,edge,AS,NA,NA,NA,179,NA,
7/26/2024,1,A,SM,DB,east,37,0,37,NA,
7/26/2024,1,A,SM,DB,west,127,0,127,NA,
7/26/2024,1,B,BM,AS,NA,0,0,0,NA,
7/26/2024,1,C,CM,FC,NA,254,0,254,NA,
7/26/2024,1,D,CM,DB,west,144,0,144,NA,
7/26/2024,1,D,CM,DB,east,170,0,170,NA,
7/26/2024,1,E,CM,AS,NA,0,0,0,NA,
7/26/2024,1,F,SM,FC,NA,448,552,1000,NA,
7/26/2024,1,G,BM,DB,west,208,0,208,NA,
7/26/2024,1,G,BM,DB,east,220,0,220,NA,
7/26/2024,1,H,SM,AS,NA,0,0,0,NA,
7/26/2024,1,I,BM,FC,NA,717,679,1396,NA,
7/26/2024,2,A,CM,AS,NA,6,0,6,NA,
7/26/2024,2,B,SM,FC,NA,1963,1711,3674,NA,
7/26/2024,2,C,CM,DB,west,33,0,33,NA,
7/26/2024,2,C,CM,DB,east,36,0,36,NA,
7/26/2024,2,D,BM,AS,NA,20,5,25,NA,
7/26/2024,2,E,BM,FC,NA,2540,904,3444,NA,
7/26/2024,2,F,BM,DB,east,36,0,36,NA,
7/26/2024,2,F,BM,DB,west,88,0,88,NA,
7/26/2024,2,G,SM,AS,NA,0,0,0,NA,
7/26/2024,2,H,CM,FC,NA,1721,1283,3004,NA,
7/26/2024,2,I,SM,DB,west,53,0,53,NA,
7/26/2024,2,I,SM,DB,east,83,0,83,NA,
7/26/2024,3,A,BM,FC,NA,1506,1028,2534,NA,
7/26/2024,3,B,CM,AS,NA,0,3,3,NA,
7/26/2024,3,C,SM,DB,west,37,0,37,NA,
7/26/2024,3,C,SM,DB,east,53,0,53,NA,
7/26/2024,3,D,SM,FC,NA,2824,1603,4427,NA,
7/26/2024,3,E,BM,AS,NA,6,0,6,NA,
7/26/2024,3,F,BM,DB,east,61,0,61,NA,
7/26/2024,3,F,BM,DB,west,73,0,73,NA,
7/26/2024,3,G,CM,FC,NA,1908,1314,3222,NA,
7/26/2024,3,H,SM,AS,NA,0,0,0,NA,
7/26/2024,3,I,CM,DB,west,35,0,35,NA,
7/26/2024,3,I,CM,DB,east,45,0,45,NA,
7/26/2024,4,A,SM,AS,NA,0,0,0,NA,
7/26/2024,4,B,CM,FC,NA,2298,1120,3418,NA,
7/26/2024,4,C,BM,DB,west,642,12,654,NA,
7/26/2024,4,C,BM,DB,east,1020,0,1020,NA,
7/26/2024,4,D,BM,AS,NA,0,0,0,NA,
7/26/2024,4,E,BM,FC,NA,2263,1808,4071,NA,
7/26/2024,4,F,SM,DB,east,934,0,934,NA,
7/26/2024,4,F,SM,DB,west,968,0,968,NA,
7/26/2024,4,G,CM,AS,NA,0,0,0,NA,
7/26/2024,4,H,SM,FC,NA,3856,2288,6144,NA,
7/26/2024,4,I,CM,DB,east,618,0,618,NA,
7/26/2024,4,I,CM,DB,west,636,0,636,NA,
7/26/2024,edge,edge,edge,AS,NA,NA,NA,106,NA,
7/26/2024,edge,edge,edge,DB,NA,NA,NA,5952,NA,
7/26/2024,edge,edge,edge,FC,NA,NA,NA,26170,NA,
8/15/2024,1,A,SM,DB,,360,0,360,NA,"field data sheet has no directions. originally entered in this spreadsheet as separate east and west. preserved old entry here:
east: 180g
west: 185g"
8/15/2024,1,B,BM,AS,NA,43,24,67,NA,
8/15/2024,1,C,CM,FC,NA,0,0,0,NA,
8/15/2024,1,D,CM,DB,,540,0,540,NA,"field data sheet has no directions. originally entered in this spreadsheet as separate east and west. preserved old entry here:
east: 260g
west: 275g"
8/15/2024,1,E,CM,AS,NA,26,10,36,NA,
8/15/2024,1,F,SM,FC,NA,220,0,220,NA,
8/15/2024,1,G,BM,DB,,1010,58,1068,NA,"field data sheet has no directions. originally entered in this spreadsheet as separate east and west. preserved old entry here:
east: 507g
west: 500g"
8/15/2024,1,H,SM,AS,NA,59,16,75,NA,
8/15/2024,1,I,BM,FC,NA,550,0,550,NA,
8/15/2024,2,A,CM,AS,NA,113,5,118,NA,
8/15/2024,2,B,SM,FC,NA,400,200,600,NA,
8/15/2024,2,C,CM,DB,,520,0,520,NA,"field data sheet has no directions. originally entered in this spreadsheet as separate east and west. preserved old entry here:
east: 266g
west: 209g"
8/15/2024,2,D,BM,AS,NA,14,25,39,NA,
8/15/2024,2,E,BM,FC,NA,1260,490,1750,NA,
8/15/2024,2,F,BM,DB,,820,15,835,NA,"field data sheet has no directions. originally entered in this spreadsheet as separate east and west. preserved old entry here:
east: 411g
west: 410g"
8/15/2024,2,G,SM,AS,NA,0,43,43,NA,
8/15/2024,2,H,CM,FC,NA,800,510,1310,NA,
8/15/2024,2,I,SM,DB,,741,0,741,NA,"field data sheet has no directions. originally entered in this spreadsheet as separate east and west. preserved old entry here:
east: 365g
west: 371g"
8/15/2024,3,A,BM,FC,NA,530,170,700,NA,
8/15/2024,3,B,CM,AS,NA,118,33,151,NA,
8/15/2024,3,C,SM,DB,,462,0,462,NA,"field data sheet has no directions. originally entered in this spreadsheet as separate east and west. preserved old entry here:
east: 231g
west: 230g"
8/15/2024,3,D,SM,FC,NA,1180,840,2020,NA,
8/15/2024,3,E,BM,AS,NA,0,34,34,NA,
8/15/2024,3,F,BM,DB,,1085,0,1085,NA,"field data sheet has no directions. originally entered in this spreadsheet as separate east and west. preserved old entry here:
east: 545g
west: 542g"
8/15/2024,3,G,CM,FC,NA,1830,0,1830,NA,
8/15/2024,3,H,SM,AS,NA,79,10,89,NA,
8/15/2024,3,I,CM,DB,,640,0,640,NA,"field data sheet has no directions. originally entered in this spreadsheet as separate east and west. preserved old entry here:
east: 322g
west: 319g"
8/15/2024,4,A,SM,AS,NA,159,0,159,NA,
8/15/2024,4,B,CM,FC,NA,1010,670,1680,NA,
8/15/2024,4,C,BM,DB,,1296,0,1296,NA,"field data sheet has no directions. originally entered in this spreadsheet as separate east and west. preserved old entry here:
east: 645g
west: 649g"
8/15/2024,4,D,BM,AS,NA,0,30,30,NA,
8/15/2024,4,E,BM,FC,NA,890,820,1710,NA,
8/15/2024,4,F,SM,DB,,1109,0,1109,NA,"field data sheet has no directions. originally entered in this spreadsheet as separate east and west. preserved old entry here:
east: 555g
west: 540g"
8/15/2024,4,G,CM,AS,NA,25,0,25,NA,
8/15/2024,4,H,SM,FC,NA,2190,700,2890,NA,
8/15/2024,4,I,CM,DB,,568,0,568,NA,"field data sheet has no directions. originally entered in this spreadsheet as separate east and west. preserved old entry here:
east: 284g
west: 287g"
8/15/2024,edge,edge,edge,AS,NA,NA,NA,768,NA,
8/15/2024,edge,edge,edge,DB,NA,NA,NA,7762,NA,
8/15/2024,edge,edge,edge,FC,NA,NA,NA,18840,NA,
9/4/2024,1,A,SM,DB,east,0,0,0,NA,
9/4/2024,1,A,SM,DB,west,0,0,0,NA,
9/4/2024,1,B,BM,AS,NA,3,1,4,NA,
9/4/2024,1,C,CM,FC,NA,0,0,0,NA,
9/4/2024,1,D,CM,DB,east,0,0,0,NA,
9/4/2024,1,D,CM,DB,west,0,0,0,NA,
9/4/2024,1,E,CM,AS,NA,4,0,4,NA,
9/4/2024,1,F,SM,FC,NA,0,0,0,NA,
9/4/2024,1,G,BM,DB,east,0,0,0,NA,
9/4/2024,1,G,BM,DB,west,0,0,0,NA,
9/4/2024,1,H,SM,AS,NA,5,0,5,NA,
9/4/2024,1,I,BM,FC,NA,0,0,0,NA,
9/4/2024,2,A,CM,AS,NA,2,0,2,NA,
9/4/2024,2,B,SM,FC,NA,0,0,0,NA,
9/4/2024,2,C,CM,DB,east,0,0,0,NA,
9/4/2024,2,C,CM,DB,west,0,0,0,NA,
9/4/2024,2,D,BM,AS,NA,1,1,2,NA,
9/4/2024,2,E,BM,FC,NA,0,0,0,NA,
9/4/2024,2,F,BM,DB,east,0,0,0,NA,
9/4/2024,2,F,BM,DB,west,0,0,0,NA,
9/4/2024,2,G,SM,AS,NA,1,0,1,NA,
9/4/2024,2,H,CM,FC,NA,0,0,0,NA,
9/4/2024,2,I,SM,DB,east,0,0,0,NA,
9/4/2024,2,I,SM,DB,west,0,0,0,NA,
9/4/2024,3,A,BM,FC,NA,0,0,0,NA,
9/4/2024,3,B,CM,AS,NA,2,0,2,NA,
9/4/2024,3,C,SM,DB,east,0,0,0,NA,
9/4/2024,3,C,SM,DB,west,0,0,0,NA,
9/4/2024,3,D,SM,FC,NA,0,0,0,NA,
9/4/2024,3,E,BM,AS,NA,0,0,0,NA,
9/4/2024,3,F,BM,DB,east,0,0,0,NA,
9/4/2024,3,F,BM,DB,west,0,0,0,NA,
9/4/2024,3,G,CM,FC,NA,0,0,0,NA,
9/4/2024,3,H,SM,AS,NA,4,0,4,NA,
9/4/2024,3,I,CM,DB,east,0,0,0,NA,
9/4/2024,3,I,CM,DB,west,0,0,0,NA,
9/4/2024,4,A,SM,AS,NA,4,0,4,NA,
9/4/2024,4,B,CM,FC,NA,0,0,0,NA,
9/4/2024,4,C,BM,DB,east,0,0,0,NA,
9/4/2024,4,C,BM,DB,west,0,0,0,NA,
9/4/2024,4,D,BM,AS,NA,0,1,1,NA,
9/4/2024,4,E,BM,FC,NA,0,0,0,NA,
9/4/2024,4,F,SM,DB,east,0,0,0,NA,
9/4/2024,4,F,SM,DB,west,0,0,0,NA,
9/4/2024,4,G,CM,AS,NA,1,0,1,NA,
9/4/2024,4,H,SM,FC,NA,0,0,0,NA,
9/4/2024,4,I,CM,DB,east,0,0,0,NA,
9/4/2024,4,I,CM,DB,west,0,0,0,NA,
9/4/2024,edge,edge,edge,AS,NA,NA,NA,25,NA,
9/13/2024,1,A,SM,DB,east,0,0,0,NA,
9/13/2024,1,A,SM,DB,west,0,0,0,NA,
9/13/2024,1,B,BM,AS,NA,41,0,41,NA,
9/13/2024,1,C,CM,FC,NA,0,0,0,NA,
9/13/2024,1,D,CM,DB,east,0,0,0,NA,
9/13/2024,1,D,CM,DB,west,0,0,0,NA,
9/13/2024,1,E,CM,AS,NA,144,0,144,NA,
9/13/2024,1,F,SM,FC,NA,0,0,0,NA,
9/13/2024,1,G,BM,DB,east,0,0,0,NA,
9/13/2024,1,G,BM,DB,west,0,0,0,NA,
9/13/2024,1,H,SM,AS,NA,194,0,194,NA,
9/13/2024,1,I,BM,FC,NA,768,0,768,NA,
9/13/2024,2,A,CM,AS,NA,63,0,63,NA,
9/13/2024,2,B,SM,FC,NA,0,0,0,NA,
9/13/2024,2,C,CM,DB,east,0,0,0,NA,
9/13/2024,2,C,CM,DB,west,0,0,0,NA,
9/13/2024,2,D,BM,AS,NA,12,5,17,NA,
9/13/2024,2,E,BM,FC,NA,578,588,1166,NA,
9/13/2024,2,F,BM,DB,east,0,0,0,NA,
9/13/2024,2,F,BM,DB,west,0,0,0,NA,
9/13/2024,2,G,SM,AS,NA,16,8,24,NA,
9/13/2024,2,H,CM,FC,NA,617,222,839,NA,
9/13/2024,2,I,SM,DB,east,0,0,0,NA,
9/13/2024,2,I,SM,DB,west,0,0,0,NA,
9/13/2024,3,A,BM,FC,NA,472,0,472,NA,
9/13/2024,3,B,CM,AS,NA,119,0,119,NA,
9/13/2024,3,C,SM,DB,east,0,0,0,NA,
9/13/2024,3,C,SM,DB,west,0,0,0,NA,
9/13/2024,3,D,SM,FC,NA,965,632,1597,NA,
9/13/2024,3,E,BM,AS,NA,8,0,8,NA,
9/13/2024,3,F,BM,DB,east,0,0,0,NA,
9/13/2024,3,F,BM,DB,west,0,0,0,NA,
9/13/2024,3,G,CM,FC,NA,1457,478,1935,NA,
9/13/2024,3,H,SM,AS,NA,73,0,73,NA,
9/13/2024,3,I,CM,DB,east,0,0,0,NA,
9/13/2024,3,I,CM,DB,west,0,0,0,NA,
9/13/2024,4,A,SM,AS,NA,61,0,61,NA,
9/13/2024,4,B,CM,FC,NA,1382,0,1382,NA,
9/13/2024,4,C,BM,DB,east,0,0,0,NA,
9/13/2024,4,C,BM,DB,west,0,0,0,NA,
9/13/2024,4,D,BM,AS,NA,9,0,9,NA,
9/13/2024,4,E,SM,FC,NA,2628,3388,6016,NA,
9/13/2024,4,F,SM,DB,east,0,0,0,NA,
9/13/2024,4,F,SM,DB,west,0,0,0,NA,
9/13/2024,4,G,CM,AS,NA,49,0,49,NA,
9/13/2024,4,H,BM,FC,NA,1433,170,1603,NA,
9/13/2024,4,I,CM,DB,east,0,0,0,NA,
9/13/2024,4,I,CM,DB,west,0,0,0,NA,
9/13/2024,edge,edge,edge,AS,NA,NA,NA,817,NA,
9/13/2024,edge,edge,edge,FC,NA,NA,NA,18165,NA,
10/17/2024,1,A,SM,DB,,0,0,0,1320,
10/17/2024,1,B,BM,AS,,0,0,0,111,
10/17/2024,1,D,CM,DB,,0,0,0,727,
10/17/2024,1,E,CM,AS,,0,13,13,830,
10/17/2024,1,G,BM,DB,,0,0,0,1519,
10/17/2024,1,H,SM,AS,,0,5,5,488,
10/17/2024,2,A,CM,AS,,0,16,16,1153,
10/17/2024,2,C,CM,DB,,0,0,0,1023,
10/17/2024,2,D,BM,AS,,0,21,21,543,
10/17/2024,2,F,BM,DB,,0,0,0,1601,
10/17/2024,2,G,SM,AS,,0,34,34,720,
10/17/2024,2,I,SM,DB,,0,0,0,1590,
10/17/2024,3,B,CM,AS,,0,0,0,870,
10/17/2024,3,C,SM,DB,,0,0,0,1015,
10/17/2024,3,E,BM,AS,,0,0,0,422,
10/17/2024,3,F,BM,DB,,0,0,0,2132,
10/17/2024,3,H,SM,AS,,0,32,32,1084,
10/17/2024,3,I,CM,DB,,0,0,0,1644,
10/17/2024,4,A,SM,AS,,0,10,10,671,
10/17/2024,4,B,CM,FC,,4581,3315,7896,381,
10/17/2024,4,C,BM,DB,,0,0,0,1486,
10/17/2024,4,D,BM,AS,,0,24,24,608,
10/17/2024,4,F,SM,DB,,0,0,0,2063,
10/17/2024,4,G,CM,AS,,0,16,16,896,
10/17/2024,4,I,CM,DB,,0,0,0,1149,
10/17/2024,edge,edge,edge,FC,,NA,NA,4705,NA,
10/25/2024,3,A,BM,FC,,4950,7000,11950,NA,
10/25/2024,3,D,SM,FC,,7100,8450,15550,NA,
10/25/2024,3,G,CM,FC,,7000,9750,16750,NA,
10/25/2024,4,B,CM,FC,,0,0,0,385.51,
10/25/2024,4,E,BM,FC,,5600,8100,13700,NA,
10/25/2024,4,H,SM,FC,,8850,6650,15500,NA,
10/25/2024,edge,edge,edge,FC,,NA,NA,6750,NA,
10/26/2024,1,C,CM,FC,,1100,3650,4750,NA,
10/26/2024,1,F,SM,FC,,2850,3400,6250,NA,
10/26/2024,1,I,BM,FC,,7050,6600,13650,NA,
10/26/2024,2,B,SM,FC,,2200,5300,7500,NA,
10/26/2024,2,E,BM,FC,,3200,5800,9000,NA,
10/26/2024,2,H,CM,FC,,4700,4750,9450,NA,
10/26/2024,edge,edge,edge,FC,,NA,NA,2850,NA,
10/28/2024,1,C,CM,FC,,0,0,0,1214,
10/28/2024,1,F,SM,FC,,0,0,0,1629,
10/28/2024,1,I,BM,FC,,0,0,0,3278,
10/28/2024,2,B,SM,FC,,0,0,0,2009,
10/28/2024,2,E,BM,FC,,0,0,0,3309,
10/28/2024,2,H,CM,FC,,0,0,0,2384,
10/28/2024,3,A,BM,FC,,0,0,0,2672,
10/28/2024,3,D,SM,FC,,0,0,0,3028,
10/28/2024,3,G,CM,FC,,0,0,0,3444,
10/28/2024,4,B,CM,FC,,0,0,0,2002,
10/28/2024,4,E,SM,FC,,0,0,0,2791,
10/28/2024,4,H,BM,FC,,0,0,0,3196,
11/15/2024,edge,edge,edge,FC,,NA,NA,83778.51074,NA,"actually harvested over two separate days. weighed with the SOF market scale, which was easiest for this volume."